,state,year,unemployment_total,unemployment_man,unemployment_women,inflation,gini,bruttoinland,population_male,population_female,population_total,CO2_Emmison,hd,gd,sc,gdp_per,gdp_growth,pop_growth,co_1,co_10,region,incomeLevel
25,Baden-Württemberg,1992,1.89,2.03,1.76,,,255866000000.0,4966597.0,5182111.0,10148708.0,,0.85,,,25211.68,5.34,1.47,,,Europa & Zentralasien,Hohes Einkommen
26,Baden-Württemberg,1993,2.75,3.13,2.39,,,253742000000.0,5007943.0,5226083.0,10234026.0,,0.86,,,24793.96,-0.83,0.84,,,Europa & Zentralasien,Hohes Einkommen
27,Baden-Württemberg,1994,3.25,3.75,2.76,,,262645000000.0,5022585.0,5249484.0,10272069.0,,0.87,,,25568.85,3.51,0.37,,,Europa & Zentralasien,Hohes Einkommen
28,Baden-Württemberg,1995,3.18,3.62,2.76,,,271747000000.0,5046847.0,5272520.0,10319367.0,103.93,0.88,,,26333.69,3.47,0.46,,,Europa & Zentralasien,Hohes Einkommen
29,Baden-Württemberg,1996,3.41,3.92,2.93,1.13,,276777000000.0,5076720.0,5297785.0,10374505.0,,0.88,,,26678.57,1.85,0.53,,,Europa & Zentralasien,Hohes Einkommen
30,Baden-Württemberg,1997,3.67,4.18,3.19,1.68,,282190000000.0,5088633.0,5307977.0,10396610.0,,0.89,,,27142.5,1.96,0.21,,,Europa & Zentralasien,Hohes Einkommen
31,Baden-Württemberg,1998,3.37,3.71,3.05,0.97,,291100000000.0,5105533.0,5320507.0,10426040.0,,0.89,,,27920.48,3.16,0.28,,,Europa & Zentralasien,Hohes Einkommen
32,Baden-Württemberg,1999,3.1,3.33,2.88,0.55,,300727000000.0,5132365.0,5343567.0,10475932.0,,0.9,,,28706.47,3.31,0.48,,,Europa & Zentralasien,Hohes Einkommen
33,Baden-Württemberg,2000,2.67,2.81,2.54,1.77,,308823000000.0,5157408.0,5367007.0,10524415.0,97.19,0.9,0.94,13.71,29343.48,2.69,0.46,,-2.81,Europa & Zentralasien,Hohes Einkommen
34,Baden-Württemberg,2001,2.49,2.62,2.37,2.27,,323078000000.0,5198056.0,5402850.0,10600906.0,,0.91,0.94,13.91,30476.45,4.62,0.73,,,Europa & Zentralasien,Hohes Einkommen
35,Baden-Württemberg,2002,2.77,3.04,2.51,1.57,,325510000000.0,5230234.0,5431086.0,10661320.0,,0.91,0.94,14.13,30531.87,0.75,0.57,,,Europa & Zentralasien,Hohes Einkommen
36,Baden-Württemberg,2003,3.15,3.52,2.79,1.54,,329164000000.0,5247284.0,5445272.0,10692556.0,97.62,0.92,0.94,14.38,30784.41,1.12,0.29,,,Europa & Zentralasien,Hohes Einkommen
37,Baden-Württemberg,2004,3.18,3.54,2.84,1.77,,333276000000.0,5260183.0,5457236.0,10717419.0,96.32,0.93,0.95,14.51,31096.67,1.25,0.23,-1.34,,Europa & Zentralasien,Hohes Einkommen
38,Baden-Württemberg,2005,3.59,3.77,3.41,1.24,,335789000000.0,5270906.0,5464795.0,10735701.0,98.77,0.93,0.95,14.48,31277.79,0.75,0.17,2.55,-4.97,Europa & Zentralasien,Hohes Einkommen
39,Baden-Württemberg,2006,3.25,3.3,3.2,1.72,,357283000000.0,5273842.0,5464911.0,10738753.0,99.64,0.93,0.95,14.41,33270.44,6.4,0.03,0.88,,Europa & Zentralasien,Hohes Einkommen
40,Baden-Württemberg,2007,2.53,2.44,2.61,2.17,,377021000000.0,5282789.0,5466966.0,10749755.0,91.55,0.94,0.95,14.46,35072.52,5.52,0.1,-8.11,,Europa & Zentralasien,Hohes Einkommen
41,Baden-Württemberg,2008,2.13,2.08,2.17,2.6,,381903000000.0,5285894.0,5463612.0,10749506.0,93.39,0.94,0.95,14.6,35527.49,1.29,-0.0,2.01,,Europa & Zentralasien,Hohes Einkommen
42,Baden-Württemberg,2009,2.64,2.91,2.39,0.35,,353463000000.0,5285946.0,5458975.0,10744921.0,86.17,0.94,0.95,14.68,32895.82,-7.45,-0.04,-7.74,,Europa & Zentralasien,Hohes Einkommen
43,Baden-Württemberg,2010,2.54,2.73,2.34,1.03,,382897000000.0,5296249.0,5457631.0,10753880.0,87.83,0.94,0.95,14.67,35605.47,8.33,0.08,1.93,-9.64,Europa & Zentralasien,Hohes Einkommen
44,Baden-Württemberg,2011,2.16,2.24,2.08,2.05,,405608000000.0,5151354.0,5361087.0,10512441.0,86.01,0.95,0.96,14.7,38583.62,5.93,-2.25,-2.07,,Europa & Zentralasien,Hohes Einkommen
45,Baden-Württemberg,2012,2.1,2.19,2.02,1.78,,414608000000.0,5189475.0,5379636.0,10569111.0,85.01,0.95,0.96,14.74,39228.28,2.22,0.54,-1.17,,Europa & Zentralasien,Hohes Einkommen
46,Baden-Württemberg,2013,2.2,2.34,2.06,1.31,,425366000000.0,5230706.0,5400572.0,10631278.0,90.91,0.95,0.96,14.78,40010.81,2.6,0.59,6.94,-6.88,Europa & Zentralasien,Hohes Einkommen
47,Baden-Württemberg,2014,2.15,2.28,2.02,0.86,,442683000000.0,5284223.0,5432421.0,10716644.0,85.33,0.95,0.96,14.79,41307.99,4.07,0.8,-6.13,-11.4,Europa & Zentralasien,Hohes Einkommen
48,Baden-Württemberg,2015,2.09,2.23,1.95,0.64,,463346000000.0,5393388.0,5486230.0,10879618.0,86.82,0.95,0.96,14.81,42588.44,4.67,1.52,1.74,-12.1,Europa & Zentralasien,Hohes Einkommen
49,Baden-Württemberg,2016,2.07,2.26,1.88,0.53,,474916000000.0,5435665.0,5516228.0,10951893.0,88.91,0.96,0.96,14.85,43363.83,2.5,0.66,2.41,-10.76,Europa & Zentralasien,Hohes Einkommen
50,Baden-Württemberg,2017,1.93,2.11,1.75,1.59,,497299000000.0,5477341.0,5546084.0,11023425.0,89.47,0.96,0.96,14.73,45112.93,4.71,0.65,0.62,-2.28,Europa & Zentralasien,Hohes Einkommen
51,Baden-Württemberg,2018,1.76,1.92,1.6,1.98,,516670000000.0,5501693.0,5567840.0,11069533.0,85.82,0.96,0.97,14.63,46674.96,3.9,0.42,-4.08,-8.11,Europa & Zentralasien,Hohes Einkommen
52,Baden-Württemberg,2019,1.77,1.97,1.58,1.53,,525347000000.0,5516440.0,5583954.0,11100394.0,82.73,0.96,0.97,14.63,47326.88,1.68,0.28,-3.6,-3.98,Europa & Zentralasien,Hohes Einkommen
53,Baden-Württemberg,2020,2.34,2.66,2.03,0.6,0.29,509322000000.0,5516636.0,5586407.0,11103043.0,,0.96,0.97,14.63,45872.29,-3.05,0.02,,,Europa & Zentralasien,Hohes Einkommen
54,Baden-Württemberg,2021,2.23,2.48,1.98,3.0,0.29,538948000000.0,5526110.0,5598532.0,11124642.0,,0.96,0.97,14.63,48446.32,5.82,0.2,,,Europa & Zentralasien,Hohes Einkommen
55,Baden-Württemberg,2022,1.98,2.12,1.83,6.31,,572837000000.0,5595424.0,5684833.0,11280257.0,,,,,50782.26,6.29,1.4,,,Europa & Zentralasien,Hohes Einkommen
81,Bayern,1992,2.07,2.21,1.93,,,283121000000.0,5741559.0,6028698.0,11770257.0,,0.84,,,24053.94,7.52,1.5,,,Europa & Zentralasien,Hohes Einkommen
82,Bayern,1993,2.72,2.97,2.48,,,287952000000.0,5787348.0,6075965.0,11863313.0,,0.85,,,24272.48,1.71,0.79,,,Europa & Zentralasien,Hohes Einkommen
83,Bayern,1994,3.03,3.33,2.74,,,298303000000.0,5815965.0,6105979.0,11921944.0,,0.86,,,25021.34,3.6,0.49,,,Europa & Zentralasien,Hohes Einkommen
84,Bayern,1995,2.97,3.29,2.66,,,306797000000.0,5852034.0,6141450.0,11993484.0,102.06,0.86,,,25580.31,2.85,0.6,,,Europa & Zentralasien,Hohes Einkommen
85,Bayern,1996,3.34,3.83,2.87,1.29,,312206000000.0,5876744.0,6167125.0,12043869.0,,0.87,,,25922.4,1.76,0.42,,,Europa & Zentralasien,Hohes Einkommen
86,Bayern,1997,3.67,4.18,3.17,1.85,,319866000000.0,5884415.0,6181960.0,12066375.0,,0.88,,,26508.87,2.45,0.19,,,Europa & Zentralasien,Hohes Einkommen
87,Bayern,1998,3.44,3.84,3.06,0.98,,333718000000.0,5896254.0,6190294.0,12086548.0,,0.88,,,27610.7,4.33,0.17,,,Europa & Zentralasien,Hohes Einkommen
88,Bayern,1999,3.16,3.46,2.88,0.69,,344292000000.0,5932928.0,6222039.0,12154967.0,,0.89,,,28325.21,3.17,0.57,,,Europa & Zentralasien,Hohes Einkommen
89,Bayern,2000,2.78,2.98,2.58,1.51,,357900000000.0,5974283.0,6255972.0,12230255.0,99.78,0.89,0.94,13.59,29263.49,3.95,0.62,,-0.22,Europa & Zentralasien,Hohes Einkommen
90,Bayern,2001,2.7,2.93,2.48,2.03,,371890000000.0,6029762.0,6299952.0,12329714.0,,0.9,0.94,13.77,30162.09,3.91,0.81,,,Europa & Zentralasien,Hohes Einkommen
91,Bayern,2002,3.12,3.5,2.76,1.59,,380498000000.0,6060688.0,6326663.0,12387351.0,,0.9,0.94,13.96,30716.66,2.31,0.47,,,Europa & Zentralasien,Hohes Einkommen
92,Bayern,2003,3.6,4.08,3.14,1.3,,378244000000.0,6079009.0,6344377.0,12423386.0,93.87,0.91,0.95,14.13,30446.13,-0.59,0.29,,,Europa & Zentralasien,Hohes Einkommen
93,Bayern,2004,3.61,4.04,3.2,1.93,,390718000000.0,6088805.0,6355088.0,12443893.0,92.38,0.92,0.95,14.38,31398.37,3.3,0.17,-1.59,,Europa & Zentralasien,Hohes Einkommen
94,Bayern,2005,4.05,4.31,3.8,1.77,,396416000000.0,6102655.0,6366071.0,12468726.0,89.66,0.92,0.95,14.37,31792.82,1.46,0.2,-2.94,-12.15,Europa & Zentralasien,Hohes Einkommen
95,Bayern,2006,3.57,3.66,3.49,1.86,,413508000000.0,6118977.0,6373681.0,12492658.0,90.38,0.92,0.95,14.27,33100.08,4.31,0.19,0.81,,Europa & Zentralasien,Hohes Einkommen
96,Bayern,2007,2.79,2.72,2.86,2.31,,433669000000.0,6136397.0,6383935.0,12520332.0,83.98,0.92,0.95,14.42,34637.18,4.88,0.22,-7.09,,Europa & Zentralasien,Hohes Einkommen
97,Bayern,2008,2.21,2.23,2.18,2.62,,436940000000.0,6138101.0,6381627.0,12519728.0,91.19,0.93,0.95,14.52,34900.12,0.75,-0.01,8.58,,Europa & Zentralasien,Hohes Einkommen
98,Bayern,2009,2.55,2.83,2.28,0.58,,428198000000.0,6136004.0,6374327.0,12510331.0,88.08,0.93,0.96,14.6,34227.55,-2.0,-0.07,-3.41,,Europa & Zentralasien,Hohes Einkommen
99,Bayern,2010,2.39,2.61,2.17,1.04,,452128000000.0,6158439.0,6380257.0,12538696.0,91.09,0.93,0.96,14.65,36058.61,5.59,0.23,3.42,-8.71,Europa & Zentralasien,Hohes Einkommen
100,Bayern,2011,2.04,2.17,1.93,2.17,,483475000000.0,6093411.0,6349961.0,12443372.0,89.79,0.94,0.96,14.65,38854.02,6.93,-0.76,-1.43,,Europa & Zentralasien,Hohes Einkommen
101,Bayern,2012,1.99,2.12,1.86,2.12,,496512000000.0,6143980.0,6375591.0,12519571.0,89.86,0.94,0.96,14.71,39658.87,2.7,0.61,0.08,,Europa & Zentralasien,Hohes Einkommen
102,Bayern,2013,2.1,2.28,1.93,1.42,,511943000000.0,6197151.0,6407093.0,12604244.0,90.45,0.94,0.96,14.73,40616.72,3.11,0.68,0.66,-3.65,Europa & Zentralasien,Hohes Einkommen
103,Bayern,2014,2.08,2.26,1.91,0.76,,534066000000.0,6249965.0,6441603.0,12691568.0,86.63,0.94,0.96,14.82,42080.38,4.32,0.69,-4.21,-6.22,Europa & Zentralasien,Hohes Einkommen
104,Bayern,2015,2.0,2.19,1.81,0.75,,554688000000.0,6352172.0,6491342.0,12843514.0,87.41,0.94,0.96,14.82,43188.18,3.86,1.2,0.9,-2.51,Europa & Zentralasien,Hohes Einkommen
105,Bayern,2016,1.94,2.17,1.72,0.53,,577717000000.0,6400820.0,6529931.0,12930751.0,89.02,0.95,0.96,14.83,44677.76,4.15,0.68,1.84,-1.51,Europa & Zentralasien,Hohes Einkommen
106,Bayern,2017,1.78,1.97,1.59,1.59,,605752000000.0,6438503.0,6558701.0,12997204.0,88.73,0.95,0.96,14.79,46606.33,4.85,0.51,-0.32,5.66,Europa & Zentralasien,Hohes Einkommen
107,Bayern,2018,1.64,1.81,1.46,1.98,,620277000000.0,6483793.0,6592928.0,13076721.0,87.24,0.95,0.97,14.72,47433.68,2.4,0.61,-1.68,-4.33,Europa & Zentralasien,Hohes Einkommen
108,Bayern,2019,1.62,1.82,1.42,1.53,,643982000000.0,6507691.0,6617046.0,13124737.0,88.66,0.96,0.97,14.69,49066.28,3.82,0.37,1.63,0.66,Europa & Zentralasien,Hohes Einkommen
109,Bayern,2020,2.09,2.39,1.8,0.5,0.29,630530000000.0,6512595.0,6627588.0,13140183.0,,0.95,0.97,14.69,47984.87,-2.09,0.12,,,Europa & Zentralasien,Hohes Einkommen
110,Bayern,2021,1.99,2.23,1.75,3.2,0.3,666388000000.0,6532222.0,6644767.0,13176989.0,,0.95,0.97,14.69,50572.1,5.69,0.28,,,Europa & Zentralasien,Hohes Einkommen
111,Bayern,2022,1.76,1.91,1.63,7.07,,716784000000.0,6620203.0,6749190.0,13369393.0,,,,,53613.8,7.56,1.46,,,Europa & Zentralasien,Hohes Einkommen
137,Berlin,1992,5.97,6.54,5.45,,,75252000000.0,1656471.0,1809277.0,3465748.0,,0.85,,,21713.06,10.52,0.57,,,Europa & Zentralasien,Hohes Einkommen
138,Berlin,1993,5.87,6.49,5.3,,,80745000000.0,1664981.0,1810411.0,3475392.0,,0.86,,,23233.35,7.3,0.28,,,Europa & Zentralasien,Hohes Einkommen
139,Berlin,1994,6.05,6.73,5.42,,,83400000000.0,1668648.0,1803361.0,3472009.0,,0.87,,,24020.68,3.29,-0.1,,,Europa & Zentralasien,Hohes Einkommen
140,Berlin,1995,6.15,6.93,5.42,,,85751000000.0,1674278.0,1797140.0,3471418.0,91.12,0.87,,,24702.01,2.82,-0.02,,,Europa & Zentralasien,Hohes Einkommen
141,Berlin,1996,6.82,7.76,5.94,1.09,,84993000000.0,1673055.0,1785708.0,3458763.0,,0.88,,,24573.24,-0.88,-0.36,,,Europa & Zentralasien,Hohes Einkommen
142,Berlin,1997,7.75,8.83,6.75,1.48,,83735000000.0,1659470.0,1766289.0,3425759.0,,0.88,,,24442.76,-1.48,-0.95,,,Europa & Zentralasien,Hohes Einkommen
143,Berlin,1998,8.04,9.28,6.86,0.4,,84138000000.0,1648518.0,1750304.0,3398822.0,,0.89,,,24755.05,0.48,-0.79,,,Europa & Zentralasien,Hohes Einkommen
144,Berlin,1999,7.92,9.24,6.67,0.0,,84770000000.0,1644575.0,1742092.0,3386667.0,,0.89,,,25030.51,0.75,-0.36,,,Europa & Zentralasien,Hohes Einkommen
145,Berlin,2000,7.83,9.24,6.5,1.19,,85534000000.0,1643534.0,1738635.0,3382169.0,86.11,0.9,0.95,13.86,25289.69,0.9,-0.13,,-13.89,Europa & Zentralasien,Hohes Einkommen
146,Berlin,2001,8.04,9.56,6.59,1.3,,86368000000.0,1648169.0,1740265.0,3388434.0,,0.9,0.95,13.93,25489.06,0.97,0.18,,,Europa & Zentralasien,Hohes Einkommen
147,Berlin,2002,8.5,10.21,6.87,1.16,,86096000000.0,1651471.0,1740954.0,3392425.0,,0.91,0.96,14.17,25378.9,-0.32,0.12,,,Europa & Zentralasien,Hohes Einkommen
148,Berlin,2003,9.05,10.9,7.29,0.38,,85341000000.0,1651203.0,1737274.0,3388477.0,76.98,0.91,0.96,14.33,25185.65,-0.88,-0.12,,,Europa & Zentralasien,Hohes Einkommen
149,Berlin,2004,8.82,10.57,7.15,2.03,,85425000000.0,1653057.0,1734771.0,3387828.0,73.15,0.92,0.96,14.59,25215.27,0.1,-0.02,-4.98,,Europa & Zentralasien,Hohes Einkommen
150,Berlin,2005,9.4,10.9,7.97,1.37,,87188000000.0,1659643.0,1735546.0,3395189.0,72.33,0.92,0.96,14.58,25679.87,2.06,0.22,-1.12,-20.62,Europa & Zentralasien,Hohes Einkommen
151,Berlin,2006,8.62,9.97,7.33,1.59,,90563000000.0,1665753.0,1738284.0,3404037.0,71.78,0.92,0.96,14.47,26604.59,3.87,0.26,-0.76,,Europa & Zentralasien,Hohes Einkommen
152,Berlin,2007,7.62,8.78,6.5,1.81,,94579000000.0,1672226.0,1744029.0,3416255.0,62.87,0.93,0.96,14.53,27684.99,4.43,0.36,-12.41,,Europa & Zentralasien,Hohes Einkommen
153,Berlin,2008,6.8,7.87,5.77,2.37,,98968000000.0,1680502.0,1751173.0,3431675.0,66.31,0.93,0.96,14.43,28839.56,4.64,0.45,5.48,,Europa & Zentralasien,Hohes Einkommen
154,Berlin,2009,6.87,8.0,5.79,0.23,,99192000000.0,1686256.0,1756419.0,3442675.0,64.69,0.93,0.97,14.49,28812.48,0.23,0.32,-2.45,,Europa & Zentralasien,Hohes Einkommen
155,Berlin,2010,6.68,7.76,5.64,1.27,,103052000000.0,1695438.0,1765287.0,3460725.0,70.6,0.93,0.97,14.56,29777.58,3.89,0.52,9.15,-18.01,Europa & Zentralasien,Hohes Einkommen
156,Berlin,2011,6.88,8.01,5.81,2.28,,108111000000.0,1617768.0,1708234.0,3326002.0,62.26,0.94,0.97,14.57,32504.79,4.91,-3.89,-11.82,,Europa & Zentralasien,Hohes Einkommen
157,Berlin,2012,6.38,7.38,5.43,2.34,,109772000000.0,1644451.0,1730771.0,3375222.0,62.65,0.94,0.97,14.58,32522.9,1.54,1.48,0.64,,Europa & Zentralasien,Hohes Einkommen
158,Berlin,2013,6.14,7.07,5.25,2.18,,112881000000.0,1669791.0,1752038.0,3421829.0,64.73,0.94,0.97,14.57,32988.5,2.83,1.38,3.32,-15.91,Europa & Zentralasien,Hohes Einkommen
159,Berlin,2014,5.85,6.71,5.03,0.75,,118519000000.0,1696218.0,1773631.0,3469849.0,61.42,0.94,0.97,14.62,34156.82,5.0,1.4,-5.12,-16.04,Europa & Zentralasien,Hohes Einkommen
160,Berlin,2015,5.53,6.32,4.78,0.11,,124914000000.0,1726533.0,1793498.0,3520031.0,59.32,0.94,0.98,14.62,35486.62,5.4,1.45,-3.41,-17.98,Europa & Zentralasien,Hohes Einkommen
161,Berlin,2016,5.06,5.78,4.37,0.74,,133210000000.0,1755700.0,1819130.0,3574830.0,60.5,0.95,0.98,14.85,37263.31,6.64,1.56,1.99,-15.71,Europa & Zentralasien,Hohes Einkommen
162,Berlin,2017,4.68,5.37,4.01,1.36,,141322000000.0,1776267.0,1837228.0,3613495.0,59.57,0.96,0.98,14.84,39109.5,6.09,1.08,-1.54,-5.24,Europa & Zentralasien,Hohes Einkommen
163,Berlin,2018,4.29,4.93,3.66,1.76,,149391000000.0,1792801.0,1852025.0,3644826.0,55.01,0.96,0.98,14.85,40987.14,5.71,0.87,-7.66,-17.04,Europa & Zentralasien,Hohes Einkommen
164,Berlin,2019,4.16,4.77,3.57,1.32,,157131000000.0,1804273.0,1865218.0,3669491.0,51.95,0.96,0.98,14.84,42820.93,5.18,0.68,-5.57,-19.69,Europa & Zentralasien,Hohes Einkommen
165,Berlin,2020,5.26,6.01,4.53,0.4,0.32,156762000000.0,1802038.0,1862050.0,3664088.0,,0.96,0.99,14.84,42783.36,-0.23,-0.15,,,Europa & Zentralasien,Hohes Einkommen
166,Berlin,2021,5.4,6.15,4.67,2.8,0.31,165457000000.0,1807826.0,1869646.0,3677472.0,,0.96,0.99,14.84,44992.05,5.55,0.36,,,Europa & Zentralasien,Hohes Einkommen
167,Berlin,2022,4.78,5.32,4.25,7.1,,179379000000.0,1843196.0,1912055.0,3755251.0,,,,,47767.51,8.41,2.12,,,Europa & Zentralasien,Hohes Einkommen
193,Brandenburg,1992,7.17,5.53,8.73,,,24556000000.0,1238370.0,1304281.0,2542651.0,,0.82,,,9657.64,24.76,-0.0,,,Europa & Zentralasien,Hohes Einkommen
194,Brandenburg,1993,7.11,5.15,8.98,,,29859000000.0,1239897.0,1297764.0,2537661.0,,0.83,,,11766.35,21.6,-0.2,,,Europa & Zentralasien,Hohes Einkommen
195,Brandenburg,1994,7.05,4.97,9.05,,,34453000000.0,1242804.0,1293943.0,2536747.0,,0.83,,,13581.57,15.39,-0.04,,,Europa & Zentralasien,Hohes Einkommen
196,Brandenburg,1995,6.48,4.75,8.14,,,37890000000.0,1248325.0,1293717.0,2542042.0,67.18,0.84,,,14905.34,9.98,0.21,,,Europa & Zentralasien,Hohes Einkommen
197,Brandenburg,1996,7.32,6.22,8.39,1.39,,39735000000.0,1257213.0,1297228.0,2554441.0,,0.84,,,15555.26,4.87,0.49,,,Europa & Zentralasien,Hohes Einkommen
198,Brandenburg,1997,8.48,7.4,9.52,1.92,,40563000000.0,1267196.0,1306095.0,2573291.0,,0.85,,,15763.08,2.08,0.74,,,Europa & Zentralasien,Hohes Einkommen
199,Brandenburg,1998,8.51,7.89,9.11,0.81,,41617000000.0,1276518.0,1313857.0,2590375.0,,0.86,,,16066.01,2.6,0.66,,,Europa & Zentralasien,Hohes Einkommen
200,Brandenburg,1999,8.58,8.06,9.08,0.27,,43447000000.0,1282309.0,1318898.0,2601207.0,,0.86,,,16702.63,4.4,0.42,,,Europa & Zentralasien,Hohes Einkommen
201,Brandenburg,2000,8.7,8.45,8.95,1.6,,44672000000.0,1283432.0,1318530.0,2601962.0,78.71,0.87,0.96,14.06,17168.58,2.82,0.03,,-21.29,Europa & Zentralasien,Hohes Einkommen
202,Brandenburg,2001,9.01,9.12,8.9,2.09,,45764000000.0,1280492.0,1312548.0,2593040.0,,0.87,0.97,14.08,17648.78,2.44,-0.34,,,Europa & Zentralasien,Hohes Einkommen
203,Brandenburg,2002,9.21,9.61,8.82,1.28,,46254000000.0,1276145.0,1306234.0,2582379.0,,0.88,0.97,14.32,17911.39,1.07,-0.41,,,Europa & Zentralasien,Hohes Einkommen
204,Brandenburg,2003,9.83,10.39,9.27,0.89,,46598000000.0,1272998.0,1301523.0,2574521.0,75.4,0.88,0.97,14.42,18099.68,0.74,-0.3,,,Europa & Zentralasien,Hohes Einkommen
205,Brandenburg,2004,9.76,10.41,9.13,1.88,,47824000000.0,1270347.0,1297357.0,2567704.0,76.07,0.89,0.98,14.61,18625.2,2.63,-0.27,0.89,,Europa & Zentralasien,Hohes Einkommen
206,Brandenburg,2005,9.53,10.31,8.76,1.72,,48463000000.0,1266932.0,1292551.0,2559483.0,76.57,0.89,0.98,14.57,18934.68,1.34,-0.32,0.66,13.98,Europa & Zentralasien,Hohes Einkommen
207,Brandenburg,2006,8.89,9.45,8.34,1.82,,50770000000.0,1261650.0,1286122.0,2547772.0,74.52,0.89,0.98,14.4,19927.21,4.76,-0.46,-2.68,,Europa & Zentralasien,Hohes Einkommen
208,Brandenburg,2007,7.81,8.04,7.6,2.02,,52819000000.0,1255982.0,1279755.0,2535737.0,75.09,0.9,0.98,14.48,20829.84,4.04,-0.47,0.76,,Europa & Zentralasien,Hohes Einkommen
209,Brandenburg,2008,6.92,7.21,6.63,2.45,,54621000000.0,1249312.0,1273181.0,2522493.0,73.6,0.9,0.97,14.52,21653.58,3.41,-0.52,-1.98,,Europa & Zentralasien,Hohes Einkommen
210,Brandenburg,2009,6.56,7.22,5.91,0.0,,53377000000.0,1244101.0,1267424.0,2511525.0,69.3,0.9,0.98,14.53,21252.82,-2.28,-0.43,-5.84,,Europa & Zentralasien,Hohes Einkommen
211,Brandenburg,2010,5.95,6.57,5.33,0.91,,55770000000.0,1240553.0,1262720.0,2503273.0,72.11,0.9,0.98,14.48,22278.83,4.48,-0.33,4.04,-8.4,Europa & Zentralasien,Hohes Einkommen
212,Brandenburg,2011,5.84,6.43,5.27,1.92,,57468000000.0,1207189.0,1245991.0,2453180.0,72.21,0.91,0.98,14.49,23425.92,3.04,-2.0,0.14,,Europa & Zentralasien,Hohes Einkommen
213,Brandenburg,2012,5.56,6.16,4.97,1.88,,58905000000.0,1205360.0,1244151.0,2449511.0,73.33,0.91,0.98,14.42,24047.66,2.5,-0.15,1.55,,Europa & Zentralasien,Hohes Einkommen
214,Brandenburg,2013,5.4,6.07,4.75,1.41,,60537000000.0,1205440.0,1243753.0,2449193.0,72.68,0.91,0.98,14.41,24717.12,2.77,-0.01,-0.88,-3.6,Europa & Zentralasien,Hohes Einkommen
215,Brandenburg,2014,5.07,5.66,4.49,0.96,,63742000000.0,1210474.0,1247398.0,2457872.0,71.37,0.91,0.98,14.44,25933.82,5.29,0.35,-1.81,-6.18,Europa & Zentralasien,Hohes Einkommen
216,Brandenburg,2015,4.62,5.14,4.12,0.32,,65348000000.0,1228283.0,1256543.0,2484826.0,71.47,0.91,0.99,14.41,26298.82,2.52,1.1,0.15,-6.66,Europa & Zentralasien,Hohes Einkommen
217,Brandenburg,2016,4.23,4.79,3.69,0.42,,67453000000.0,1231683.0,1262965.0,2494648.0,71.22,0.92,0.99,14.39,27039.09,3.22,0.4,-0.36,-4.43,Europa & Zentralasien,Hohes Einkommen
218,Brandenburg,2017,3.7,4.21,3.2,1.47,,70644000000.0,1235971.0,1268069.0,2504040.0,70.76,0.92,0.99,14.26,28212.01,4.73,0.38,-0.65,-5.77,Europa & Zentralasien,Hohes Einkommen
219,Brandenburg,2018,3.33,3.8,2.88,1.66,,72708000000.0,1239460.0,1272457.0,2511917.0,71.02,0.92,0.99,14.25,28945.22,2.92,0.32,0.38,-3.5,Europa & Zentralasien,Hohes Einkommen
220,Brandenburg,2019,3.05,3.5,2.61,1.53,,76024000000.0,1243931.0,1277962.0,2521893.0,62.67,0.92,0.99,14.24,30145.61,4.56,0.4,-11.76,-9.57,Europa & Zentralasien,Hohes Einkommen
221,Brandenburg,2020,3.26,3.78,2.75,0.5,0.28,75757000000.0,1248050.0,1283021.0,2531071.0,,0.92,0.99,14.24,29930.81,-0.35,0.36,,,Europa & Zentralasien,Hohes Einkommen
222,Brandenburg,2021,3.09,3.58,2.62,3.4,0.28,80562000000.0,1250325.0,1287543.0,2537868.0,,0.92,0.99,14.24,31743.97,6.34,0.27,,,Europa & Zentralasien,Hohes Einkommen
223,Brandenburg,2022,2.89,3.28,2.5,7.06,,88800000000.0,1265151.0,1307984.0,2573135.0,,,,,34510.43,10.23,1.39,,,Europa & Zentralasien,Hohes Einkommen
249,Bremen,1992,4.6,5.53,3.73,,,19427000000.0,329987.0,355858.0,685845.0,,0.86,,,28325.64,3.04,0.32,,,Europa & Zentralasien,Hohes Einkommen
250,Bremen,1993,5.36,6.68,4.14,,,19358000000.0,328906.0,354190.0,683096.0,,0.87,,,28338.62,-0.35,-0.4,,,Europa & Zentralasien,Hohes Einkommen
251,Bremen,1994,5.9,7.39,4.52,,,19979000000.0,327332.0,352697.0,680029.0,,0.87,,,29379.63,3.21,-0.45,,,Europa & Zentralasien,Hohes Einkommen
252,Bremen,1995,5.93,7.41,4.57,,,20392000000.0,327323.0,352434.0,679757.0,98.12,0.88,,,29998.96,2.07,-0.04,,,Europa & Zentralasien,Hohes Einkommen
253,Bremen,1996,6.55,8.23,4.98,,,20436000000.0,326641.0,351129.0,677770.0,,0.88,,,30151.82,0.22,-0.29,,,Europa & Zentralasien,Hohes Einkommen
254,Bremen,1997,6.97,8.69,5.37,,,21087000000.0,324939.0,348944.0,673883.0,,0.89,,,31291.78,3.19,-0.57,,,Europa & Zentralasien,Hohes Einkommen
255,Bremen,1998,6.94,8.65,5.34,,,21354000000.0,322028.0,345937.0,667965.0,,0.9,,,31968.74,1.27,-0.88,,,Europa & Zentralasien,Hohes Einkommen
256,Bremen,1999,6.62,8.29,5.06,,,21397000000.0,319430.0,343635.0,663065.0,,0.9,,,32269.84,0.2,-0.73,,,Europa & Zentralasien,Hohes Einkommen
257,Bremen,2000,6.23,7.79,4.78,,,22290000000.0,318267.0,341958.0,660225.0,102.74,0.91,0.94,13.06,33761.22,4.17,-0.43,,2.74,Europa & Zentralasien,Hohes Einkommen
258,Bremen,2001,6.04,7.47,4.7,,,23073000000.0,318387.0,341264.0,659651.0,,0.91,0.95,13.35,34977.59,3.51,-0.09,,,Europa & Zentralasien,Hohes Einkommen
259,Bremen,2002,6.11,7.63,4.69,,,23657000000.0,319940.0,342158.0,662098.0,,0.92,0.95,13.37,35730.36,2.53,0.37,,,Europa & Zentralasien,Hohes Einkommen
260,Bremen,2003,6.39,8.18,4.71,,,24273000000.0,320815.0,342314.0,663129.0,106.28,0.92,0.96,13.47,36603.74,2.6,0.16,,,Europa & Zentralasien,Hohes Einkommen
261,Bremen,2004,6.38,8.23,4.63,,,24446000000.0,321206.0,342007.0,663213.0,94.78,0.93,0.96,13.81,36859.95,0.71,0.01,-10.82,,Europa & Zentralasien,Hohes Einkommen
262,Bremen,2005,8.02,9.35,6.78,,,24848000000.0,321478.0,341989.0,663467.0,88.96,0.93,0.96,13.62,37451.75,1.64,0.04,-6.15,-9.34,Europa & Zentralasien,Hohes Einkommen
263,Bremen,2006,7.19,8.25,6.19,1.7,,26077000000.0,322303.0,341676.0,663979.0,92.46,0.94,0.96,13.73,39273.83,4.95,0.08,3.94,,Europa & Zentralasien,Hohes Einkommen
264,Bremen,2007,6.18,6.89,5.52,1.79,,26985000000.0,321904.0,341178.0,663082.0,99.22,0.94,0.97,13.69,40696.32,3.48,-0.14,7.31,,Europa & Zentralasien,Hohes Einkommen
265,Bremen,2008,5.55,6.15,4.99,2.47,,27325000000.0,321814.0,340052.0,661866.0,95.08,0.94,0.96,13.74,41284.79,1.26,-0.18,-4.17,,Europa & Zentralasien,Hohes Einkommen
266,Bremen,2009,5.77,6.65,4.92,-0.34,,24897000000.0,322227.0,339489.0,661716.0,91.83,0.94,0.96,13.73,37624.9,-8.89,-0.02,-3.43,,Europa & Zentralasien,Hohes Einkommen
267,Bremen,2010,5.86,6.75,5.01,0.69,,26358000000.0,321940.0,338766.0,660706.0,101.59,0.94,0.97,13.96,39893.69,5.87,-0.15,10.64,-1.12,Europa & Zentralasien,Hohes Einkommen
268,Bremen,2011,5.74,6.49,5.04,2.4,,27245000000.0,317060.0,335122.0,652182.0,95.31,0.95,0.97,14.15,41775.15,3.37,-1.29,-6.18,,Europa & Zentralasien,Hohes Einkommen
269,Bremen,2012,5.62,6.28,5.0,2.23,,28517000000.0,319065.0,335709.0,654774.0,96.8,0.95,0.97,14.08,43552.43,4.67,0.4,1.56,,Europa & Zentralasien,Hohes Einkommen
270,Bremen,2013,5.66,6.35,5.0,1.2,,28824000000.0,321188.0,336203.0,657391.0,97.09,0.95,0.97,13.99,43846.05,1.08,0.4,0.3,-8.65,Europa & Zentralasien,Hohes Einkommen
271,Bremen,2014,5.6,6.28,4.96,1.08,,29798000000.0,324423.0,337465.0,661888.0,92.57,0.95,0.97,14.05,45019.7,3.38,0.68,-4.65,-2.33,Europa & Zentralasien,Hohes Einkommen
272,Bremen,2015,5.56,6.25,4.9,0.53,,30494000000.0,330895.0,340594.0,671489.0,96.25,0.95,0.98,13.94,45412.51,2.34,1.45,3.97,8.2,Europa & Zentralasien,Hohes Einkommen
273,Bremen,2016,5.36,6.03,4.7,0.85,,31360000000.0,335474.0,343279.0,678753.0,93.29,0.95,0.98,14.22,46202.37,2.84,1.08,-3.07,0.9,Europa & Zentralasien,Hohes Einkommen
274,Bremen,2017,5.24,5.9,4.59,1.37,,32389000000.0,336665.0,344367.0,681032.0,96.81,0.95,0.98,14.21,47558.71,3.28,0.34,3.77,-2.43,Europa & Zentralasien,Hohes Einkommen
275,Bremen,2018,5.11,5.79,4.44,1.45,,32929000000.0,338035.0,344951.0,682986.0,90.21,0.95,0.98,14.0,48213.29,1.67,0.29,-6.82,-5.12,Europa & Zentralasien,Hohes Einkommen
276,Bremen,2019,5.24,5.99,4.5,1.64,,33177000000.0,337001.0,344201.0,681202.0,83.38,0.96,0.98,13.93,48703.62,0.75,-0.26,-7.58,-9.2,Europa & Zentralasien,Hohes Einkommen
277,Bremen,2020,6.0,6.94,5.09,0.7,0.32,32166000000.0,336390.0,343740.0,680130.0,,0.95,0.98,13.93,47293.9,-3.05,-0.16,,,Europa & Zentralasien,Hohes Einkommen
278,Bremen,2021,5.81,6.62,5.02,3.8,0.32,35151000000.0,334319.0,342144.0,676463.0,,0.95,0.99,13.93,51962.93,9.28,-0.54,,,Europa & Zentralasien,Hohes Einkommen
279,Bremen,2022,5.43,6.03,4.85,8.86,,38698000000.0,338233.0,346631.0,684864.0,,,,,56504.65,10.09,1.24,,,Europa & Zentralasien,Hohes Einkommen
305,Hamburg,1992,3.4,4.26,2.61,,,63681000000.0,809568.0,879217.0,1688785.0,,0.88,,,37708.17,4.16,1.2,,,Europa & Zentralasien,Hohes Einkommen
306,Hamburg,1993,3.7,4.68,2.79,,,65961000000.0,818252.0,884635.0,1702887.0,,0.89,,,38734.81,3.58,0.83,,,Europa & Zentralasien,Hohes Einkommen
307,Hamburg,1994,4.17,5.34,3.1,,,67960000000.0,820442.0,885430.0,1705872.0,,0.9,,,39838.86,3.03,0.17,,,Europa & Zentralasien,Hohes Einkommen
308,Hamburg,1995,4.55,5.76,3.43,,,69616000000.0,822623.0,885278.0,1707901.0,104.05,0.9,,,40761.14,2.44,0.12,,,Europa & Zentralasien,Hohes Einkommen
309,Hamburg,1996,4.91,6.18,3.73,,,71178000000.0,823901.0,884085.0,1707986.0,,0.91,,,41673.64,2.24,0.01,,,Europa & Zentralasien,Hohes Einkommen
310,Hamburg,1997,5.43,6.78,4.16,,,73831000000.0,823180.0,881551.0,1704731.0,,0.91,,,43309.47,3.73,-0.19,,,Europa & Zentralasien,Hohes Einkommen
311,Hamburg,1998,5.32,6.63,4.1,,,75807000000.0,821539.0,878550.0,1700089.0,,0.92,,,44590.02,2.68,-0.27,,,Europa & Zentralasien,Hohes Einkommen
312,Hamburg,1999,4.93,6.15,3.79,,,76312000000.0,824686.0,880049.0,1704735.0,,0.92,,,44764.73,0.67,0.27,,,Europa & Zentralasien,Hohes Einkommen
313,Hamburg,2000,4.35,5.43,3.34,,,77837000000.0,831225.0,884167.0,1715392.0,,0.93,0.96,13.55,45375.63,2.0,0.62,,,Europa & Zentralasien,Hohes Einkommen
314,Hamburg,2001,4.09,5.11,3.14,,,82158000000.0,837726.0,888637.0,1726363.0,,0.93,0.97,13.71,47590.22,5.55,0.64,,,Europa & Zentralasien,Hohes Einkommen
315,Hamburg,2002,4.48,5.58,3.44,,,83116000000.0,839006.0,889800.0,1728806.0,,0.94,0.97,13.73,48077.11,1.17,0.14,,,Europa & Zentralasien,Hohes Einkommen
316,Hamburg,2003,4.98,6.19,3.84,,,83480000000.0,842587.0,891496.0,1734083.0,96.96,0.94,0.97,14.07,48140.72,0.44,0.3,,,Europa & Zentralasien,Hohes Einkommen
317,Hamburg,2004,4.86,6.0,3.77,,,85436000000.0,843580.0,891250.0,1734830.0,96.5,0.95,0.97,14.19,49247.48,2.34,0.04,-0.48,,Europa & Zentralasien,Hohes Einkommen
318,Hamburg,2005,5.63,6.5,4.81,,,87135000000.0,849467.0,894160.0,1743627.0,93.2,0.95,0.98,14.04,49973.42,1.99,0.51,-3.42,-10.43,Europa & Zentralasien,Hohes Einkommen
319,Hamburg,2006,5.47,6.19,4.79,,,88325000000.0,856132.0,898050.0,1754182.0,91.9,0.95,0.98,14.01,50351.1,1.37,0.6,-1.39,,Europa & Zentralasien,Hohes Einkommen
320,Hamburg,2007,4.58,5.11,4.07,,,91470000000.0,865859.0,904770.0,1770629.0,88.64,0.95,0.98,14.04,51659.61,3.56,0.94,-3.55,,Europa & Zentralasien,Hohes Einkommen
321,Hamburg,2008,4.11,4.62,3.63,,,94516000000.0,865921.0,906179.0,1772100.0,90.0,0.96,0.98,14.11,53335.59,3.33,0.08,1.53,,Europa & Zentralasien,Hohes Einkommen
322,Hamburg,2009,4.42,5.11,3.76,,,91129000000.0,866623.0,907601.0,1774224.0,90.45,0.96,0.98,14.28,51362.74,-3.58,0.12,0.5,,Europa & Zentralasien,Hohes Einkommen
323,Hamburg,2010,4.23,4.87,3.61,,,93643000000.0,873712.0,912736.0,1786448.0,93.39,0.96,0.98,14.39,52418.54,2.76,0.69,3.25,,Europa & Zentralasien,Hohes Einkommen
324,Hamburg,2011,4.22,4.87,3.61,,,94664000000.0,832064.0,886123.0,1718187.0,88.31,0.96,0.98,14.42,55095.28,1.09,-3.82,-5.45,,Europa & Zentralasien,Hohes Einkommen
325,Hamburg,2012,4.06,4.64,3.52,,,97009000000.0,841246.0,893026.0,1734272.0,87.11,0.96,0.98,14.36,55936.44,2.48,0.94,-1.35,,Europa & Zentralasien,Hohes Einkommen
326,Hamburg,2013,4.1,4.66,3.56,,,101145000000.0,847946.0,898396.0,1746342.0,85.5,0.96,0.99,14.31,57918.21,4.26,0.7,-1.85,-11.82,Europa & Zentralasien,Hohes Einkommen
327,Hamburg,2014,4.18,4.71,3.68,,,103431000000.0,857446.0,905345.0,1762791.0,93.49,0.97,0.99,14.49,58674.57,2.26,0.94,9.35,-3.11,Europa & Zentralasien,Hohes Einkommen
328,Hamburg,2015,4.1,4.62,3.6,,,108166000000.0,873062.0,914346.0,1787408.0,116.29,0.97,0.99,14.6,60515.56,4.58,1.4,24.39,24.78,Europa & Zentralasien,Hohes Einkommen
329,Hamburg,2016,3.9,4.41,3.41,0.74,,110541000000.0,886289.0,924149.0,1810438.0,120.66,0.97,0.99,14.77,61057.6,2.2,1.29,3.75,31.29,Europa & Zentralasien,Hohes Einkommen
330,Hamburg,2017,3.78,4.28,3.31,1.78,,116589000000.0,897207.0,933377.0,1830584.0,125.2,0.97,0.99,14.61,63689.51,5.47,1.11,3.76,41.24,Europa & Zentralasien,Hohes Einkommen
331,Hamburg,2018,3.56,4.04,3.1,1.44,,118961000000.0,902048.0,939131.0,1841179.0,126.69,0.97,1.0,14.59,64611.32,2.03,0.58,1.19,40.78,Europa & Zentralasien,Hohes Einkommen
332,Hamburg,2019,3.51,3.99,3.04,1.22,,124855000000.0,903974.0,943279.0,1847253.0,116.19,0.98,0.99,14.59,67589.55,4.96,0.33,-8.29,28.46,Europa & Zentralasien,Hohes Einkommen
333,Hamburg,2020,4.36,4.92,3.81,0.2,0.31,119941000000.0,906933.0,945545.0,1852478.0,,0.97,0.99,14.59,64746.25,-3.94,0.28,,,Europa & Zentralasien,Hohes Einkommen
334,Hamburg,2021,4.34,4.82,3.87,2.9,0.32,130873000000.0,907682.0,946253.0,1853935.0,,0.97,1.0,14.59,70592.01,9.11,0.08,,,Europa & Zentralasien,Hohes Einkommen
335,Hamburg,2022,3.9,4.26,3.55,6.03,,144220000000.0,925616.0,966506.0,1892122.0,,,,,76221.3,10.2,2.06,,,Europa & Zentralasien,Hohes Einkommen
361,Hessen,1992,2.31,2.5,2.13,,,158844000000.0,2898330.0,3024309.0,5922639.0,,0.86,,,26819.8,5.68,1.46,,,Europa & Zentralasien,Hohes Einkommen
362,Hessen,1993,2.97,3.36,2.59,,,161497000000.0,2923343.0,3043962.0,5967305.0,,0.87,,,27063.64,1.67,0.75,,,Europa & Zentralasien,Hohes Einkommen
363,Hessen,1994,3.49,4.06,2.94,,,165682000000.0,2927269.0,3053424.0,5980693.0,,0.87,,,27702.81,2.59,0.22,,,Europa & Zentralasien,Hohes Einkommen
364,Hessen,1995,3.55,4.14,2.98,,,170247000000.0,2942083.0,3067830.0,6009913.0,107.86,0.88,,,28327.7,2.75,0.49,,,Europa & Zentralasien,Hohes Einkommen
365,Hessen,1996,3.88,4.6,3.2,1.09,,174469000000.0,2949768.0,3077516.0,6027284.0,,0.88,,,28946.54,2.48,0.29,,,Europa & Zentralasien,Hohes Einkommen
366,Hessen,1997,4.32,5.13,3.56,1.61,,178011000000.0,2951639.0,3080066.0,6031705.0,,0.89,,,29512.55,2.03,0.07,,,Europa & Zentralasien,Hohes Einkommen
367,Hessen,1998,4.21,4.9,3.55,1.32,,181871000000.0,2954558.0,3080579.0,6035137.0,,0.89,,,30135.36,2.17,0.06,,,Europa & Zentralasien,Hohes Einkommen
368,Hessen,1999,3.95,4.52,3.41,0.78,,189130000000.0,2964739.0,3087227.0,6051966.0,,0.9,,,31251.0,3.99,0.28,,,Europa & Zentralasien,Hohes Einkommen
369,Hessen,2000,3.54,3.98,3.12,1.55,,193586000000.0,2973492.0,3094637.0,6068129.0,100.29,0.9,0.94,13.73,31902.09,2.36,0.27,,0.29,Europa & Zentralasien,Hohes Einkommen
370,Hessen,2001,3.3,3.72,2.89,1.66,,200762000000.0,2977832.0,3099994.0,6077826.0,,0.91,0.94,13.92,33031.88,3.71,0.16,,,Europa & Zentralasien,Hohes Einkommen
371,Hessen,2002,3.51,4.09,2.94,1.25,,201389000000.0,2984565.0,3107053.0,6091618.0,,0.92,0.95,14.07,33060.02,0.31,0.23,,,Europa & Zentralasien,Hohes Einkommen
372,Hessen,2003,3.97,4.7,3.28,0.87,,206979000000.0,2981511.0,3107917.0,6089428.0,97.61,0.92,0.95,14.35,33989.89,2.78,-0.04,,,Europa & Zentralasien,Hohes Einkommen
373,Hessen,2004,4.11,4.81,3.45,1.47,,209970000000.0,2986543.0,3111222.0,6097765.0,95.63,0.93,0.95,14.5,34433.93,1.45,0.14,-2.03,,Europa & Zentralasien,Hohes Einkommen
374,Hessen,2005,4.87,5.32,4.44,1.21,,211230000000.0,2983150.0,3109204.0,6092354.0,93.49,0.93,0.95,14.4,34671.33,0.6,-0.09,-2.24,-13.32,Europa & Zentralasien,Hohes Einkommen
375,Hessen,2006,4.68,4.98,4.39,1.32,,218077000000.0,2973004.0,3102355.0,6075359.0,91.36,0.93,0.95,14.33,35895.33,3.24,-0.28,-2.28,,Europa & Zentralasien,Hohes Einkommen
376,Hessen,2007,3.86,3.98,3.75,2.24,,226116000000.0,2972646.0,3099909.0,6072555.0,86.03,0.94,0.95,14.36,37235.73,3.69,-0.05,-5.84,,Europa & Zentralasien,Hohes Einkommen
377,Hessen,2008,3.35,3.48,3.23,2.89,,229183000000.0,2970447.0,3094506.0,6064953.0,86.76,0.94,0.95,14.39,37788.09,1.36,-0.12,0.85,,Europa & Zentralasien,Hohes Einkommen
378,Hessen,2009,3.46,3.81,3.13,-0.22,,219381000000.0,2970776.0,3091175.0,6061951.0,83.65,0.94,0.96,14.46,36189.83,-4.28,-0.05,-3.59,,Europa & Zentralasien,Hohes Einkommen
379,Hessen,2010,3.26,3.53,3.01,0.79,,226703000000.0,2976527.0,3090494.0,6067021.0,84.99,0.94,0.96,14.46,37366.44,3.34,0.08,1.61,-15.25,Europa & Zentralasien,Hohes Einkommen
380,Hessen,2011,3.05,3.25,2.85,1.9,,236927000000.0,2927628.0,3066143.0,5993771.0,81.2,0.94,0.96,14.58,39528.87,4.51,-1.21,-4.46,,Europa & Zentralasien,Hohes Einkommen
381,Hessen,2012,2.96,3.19,2.75,1.97,,237951000000.0,2943034.0,3073447.0,6016481.0,81.25,0.94,0.96,14.62,39549.86,0.43,0.38,0.06,,Europa & Zentralasien,Hohes Einkommen
382,Hessen,2013,3.07,3.35,2.81,1.29,,243459000000.0,2962599.0,3082826.0,6045425.0,80.71,0.95,0.96,14.62,40271.61,2.31,0.48,-0.66,-17.31,Europa & Zentralasien,Hohes Einkommen
383,Hessen,2014,3.03,3.28,2.78,0.85,,253765000000.0,2991752.0,3102136.0,6093888.0,75.58,0.95,0.96,14.62,41642.54,4.23,0.8,-6.35,-20.96,Europa & Zentralasien,Hohes Einkommen
384,Hessen,2015,2.88,3.11,2.66,0.32,,260263000000.0,3047730.0,3128442.0,6176172.0,79.1,0.95,0.96,14.64,42139.86,2.56,1.35,4.65,-15.39,Europa & Zentralasien,Hohes Einkommen
385,Hessen,2016,2.78,3.03,2.54,0.31,,271155000000.0,3066957.0,3146131.0,6213088.0,81.47,0.95,0.97,14.68,43642.55,4.18,0.6,3.0,-10.83,Europa & Zentralasien,Hohes Einkommen
386,Hessen,2017,2.66,2.93,2.41,1.36,,280094000000.0,3081636.0,3161626.0,6243262.0,79.59,0.95,0.97,14.62,44863.41,3.3,0.49,-2.3,-7.48,Europa & Zentralasien,Hohes Einkommen
387,Hessen,2018,2.46,2.72,2.21,1.55,,286128000000.0,3093044.0,3172765.0,6265809.0,75.7,0.95,0.97,14.46,45664.97,2.15,0.36,-4.89,-12.74,Europa & Zentralasien,Hohes Einkommen
388,Hessen,2019,2.38,2.66,2.11,1.32,,295779000000.0,3105260.0,3182820.0,6288080.0,75.83,0.96,0.97,14.45,47038.05,3.37,0.35,0.16,-9.35,Europa & Zentralasien,Hohes Einkommen
389,Hessen,2020,2.94,3.32,2.57,0.2,0.32,288127000000.0,3108408.0,3184746.0,6293154.0,,0.95,0.97,14.45,45784.2,-2.59,0.08,,,Europa & Zentralasien,Hohes Einkommen
390,Hessen,2021,2.83,3.15,2.52,2.8,0.32,303310000000.0,3108589.0,3186428.0,6295017.0,,0.95,0.97,14.45,48182.55,5.27,0.03,,,Europa & Zentralasien,Hohes Einkommen
391,Hessen,2022,2.57,2.77,2.38,6.81,,323352000000.0,3151158.0,3240202.0,6391360.0,,,,,50592.05,6.61,1.53,,,Europa & Zentralasien,Hohes Einkommen
417,Mecklenburg-Vorpommern,1992,8.75,7.45,9.99,,,17634000000.0,911111.0,953869.0,1864980.0,,0.81,,,9455.33,23.21,-1.41,,,Europa & Zentralasien,Hohes Einkommen
418,Mecklenburg-Vorpommern,1993,8.25,6.79,9.64,,,21113000000.0,902409.0,941046.0,1843455.0,,0.82,,,11452.95,19.73,-1.15,,,Europa & Zentralasien,Hohes Einkommen
419,Mecklenburg-Vorpommern,1994,7.84,6.07,9.54,,,24462000000.0,899436.0,932862.0,1832298.0,,0.83,,,13350.45,15.86,-0.6,,,Europa & Zentralasien,Hohes Einkommen
420,Mecklenburg-Vorpommern,1995,7.29,5.75,8.77,,,26726000000.0,896536.0,926548.0,1823084.0,76.25,0.83,,,14659.77,9.26,-0.5,,,Europa & Zentralasien,Hohes Einkommen
421,Mecklenburg-Vorpommern,1996,8.13,7.2,9.04,1.68,,27685000000.0,895280.0,921916.0,1817196.0,,0.84,,,15235.01,3.59,-0.32,,,Europa & Zentralasien,Hohes Einkommen
422,Mecklenburg-Vorpommern,1997,9.31,8.47,10.13,1.66,,28134000000.0,891097.0,916702.0,1807799.0,,0.84,,,15562.57,1.62,-0.52,,,Europa & Zentralasien,Hohes Einkommen
423,Mecklenburg-Vorpommern,1998,9.52,8.96,10.06,1.36,,28289000000.0,887528.0,911161.0,1798689.0,,0.85,,,15727.57,0.55,-0.5,,,Europa & Zentralasien,Hohes Einkommen
424,Mecklenburg-Vorpommern,1999,9.12,8.73,9.49,0.27,,29057000000.0,883615.0,905707.0,1789322.0,,0.85,,,16239.11,2.71,-0.52,,,Europa & Zentralasien,Hohes Einkommen
425,Mecklenburg-Vorpommern,2000,9.18,9.06,9.3,1.07,,29253000000.0,877698.0,898005.0,1775703.0,77.42,0.86,0.96,13.68,16474.04,0.68,-0.76,,-22.58,Europa & Zentralasien,Hohes Einkommen
426,Mecklenburg-Vorpommern,2001,9.54,9.8,9.3,1.59,,29686000000.0,870229.0,889648.0,1759877.0,,0.87,0.97,13.92,16868.22,1.48,-0.89,,,Europa & Zentralasien,Hohes Einkommen
427,Mecklenburg-Vorpommern,2002,9.73,10.3,9.18,0.52,,29882000000.0,863859.0,880765.0,1744624.0,,0.87,0.97,14.09,17128.05,0.66,-0.87,,,Europa & Zentralasien,Hohes Einkommen
428,Mecklenburg-Vorpommern,2003,10.49,11.27,9.72,0.65,,30070000000.0,858249.0,873977.0,1732226.0,75.06,0.88,0.98,14.14,17359.17,0.63,-0.71,,,Europa & Zentralasien,Hohes Einkommen
429,Mecklenburg-Vorpommern,2004,10.62,11.54,9.72,1.41,,30438000000.0,852143.0,867510.0,1719653.0,76.27,0.89,0.98,14.51,17700.08,1.22,-0.73,1.61,,Europa & Zentralasien,Hohes Einkommen
430,Mecklenburg-Vorpommern,2005,10.56,11.52,9.63,1.39,,30457000000.0,846217.0,861049.0,1707266.0,72.96,0.89,0.98,14.28,17839.63,0.06,-0.72,-4.35,-4.32,Europa & Zentralasien,Hohes Einkommen
431,Mecklenburg-Vorpommern,2006,9.91,10.52,9.31,1.37,,31448000000.0,839553.0,854201.0,1693754.0,75.69,0.89,0.98,14.15,18567.04,3.25,-0.79,3.75,,Europa & Zentralasien,Hohes Einkommen
432,Mecklenburg-Vorpommern,2007,8.67,9.01,8.34,2.84,,33055000000.0,832745.0,846937.0,1679682.0,70.28,0.89,0.98,14.09,19679.32,5.11,-0.83,-7.15,,Europa & Zentralasien,Hohes Einkommen
433,Mecklenburg-Vorpommern,2008,7.45,7.83,7.08,3.12,,33877000000.0,825124.0,839232.0,1664356.0,73.44,0.89,0.98,14.26,20354.42,2.49,-0.91,4.5,,Europa & Zentralasien,Hohes Einkommen
434,Mecklenburg-Vorpommern,2009,7.14,8.03,6.27,0.58,,33583000000.0,818119.0,833097.0,1651216.0,65.36,0.9,0.98,14.28,20338.34,-0.87,-0.79,-11.0,,Europa & Zentralasien,Hohes Einkommen
435,Mecklenburg-Vorpommern,2010,6.69,7.59,5.8,1.16,,34651000000.0,813283.0,829044.0,1642327.0,71.55,0.9,0.98,14.3,21098.72,3.18,-0.54,9.46,-7.59,Europa & Zentralasien,Hohes Einkommen
436,Mecklenburg-Vorpommern,2011,6.69,7.54,5.87,2.29,,36160000000.0,791635.0,815264.0,1606899.0,68.71,0.9,0.98,14.24,22502.97,4.36,-2.16,-3.97,,Europa & Zentralasien,Hohes Einkommen
437,Mecklenburg-Vorpommern,2012,6.37,7.18,5.58,1.79,,36421000000.0,788104.0,812223.0,1600327.0,71.32,0.91,0.98,14.22,22758.47,0.72,-0.41,3.8,,Europa & Zentralasien,Hohes Einkommen
438,Mecklenburg-Vorpommern,2013,6.2,7.08,5.34,1.65,,37627000000.0,786331.0,810174.0,1596505.0,69.83,0.91,0.99,14.12,23568.36,3.31,-0.24,-2.09,-6.97,Europa & Zentralasien,Hohes Einkommen
439,Mecklenburg-Vorpommern,2014,5.82,6.62,5.05,0.86,,39407000000.0,787945.0,811193.0,1599138.0,70.99,0.91,0.98,14.16,24642.65,4.73,0.17,1.66,-6.93,Europa & Zentralasien,Hohes Einkommen
440,Mecklenburg-Vorpommern,2015,5.34,6.04,4.65,0.54,,40070000000.0,797832.0,814530.0,1612362.0,69.08,0.91,0.99,14.29,24851.74,1.68,0.83,-2.68,-5.31,Europa & Zentralasien,Hohes Einkommen
441,Mecklenburg-Vorpommern,2016,4.99,5.73,4.27,0.64,,41089000000.0,795467.0,815207.0,1610674.0,70.64,0.91,0.99,14.26,25510.44,2.54,-0.1,2.26,-6.67,Europa & Zentralasien,Hohes Einkommen
442,Mecklenburg-Vorpommern,2017,4.41,5.08,3.75,1.9,,44183000000.0,794873.0,816246.0,1611119.0,65.83,0.92,0.99,14.24,27423.8,7.53,0.03,-6.82,-6.33,Europa & Zentralasien,Hohes Einkommen
443,Mecklenburg-Vorpommern,2018,4.04,4.63,3.46,1.56,,44332000000.0,793639.0,816036.0,1609675.0,62.93,0.92,0.99,14.03,27540.96,0.34,-0.09,-4.4,-14.31,Europa & Zentralasien,Hohes Einkommen
444,Mecklenburg-Vorpommern,2019,3.64,4.19,3.1,1.64,,47571000000.0,792612.0,815526.0,1608138.0,,0.92,0.99,14.05,29581.42,7.31,-0.1,,,Europa & Zentralasien,Hohes Einkommen
445,Mecklenburg-Vorpommern,2020,3.96,4.62,3.33,0.6,0.26,46942000000.0,793537.0,817237.0,1610774.0,,0.92,1.0,14.05,29142.51,-1.32,0.16,,,Europa & Zentralasien,Hohes Einkommen
446,Mecklenburg-Vorpommern,2021,3.87,4.51,3.25,3.2,0.25,49871000000.0,793443.0,817717.0,1611160.0,,0.92,1.0,14.05,30953.47,6.24,0.02,,,Europa & Zentralasien,Hohes Einkommen
447,Mecklenburg-Vorpommern,2022,3.66,4.18,3.16,7.56,,53440000000.0,799695.0,828683.0,1628378.0,,,,,32817.93,7.16,1.07,,,Europa & Zentralasien,Hohes Einkommen
473,Niedersachsen,1992,3.3,3.54,3.07,,,153180000000.0,3692928.0,3884592.0,7577520.0,,0.83,,,20215.06,6.08,1.36,,,Europa & Zentralasien,Hohes Einkommen
474,Niedersachsen,1993,4.01,4.46,3.58,,,156156000000.0,3726813.0,3921191.0,7648004.0,,0.84,,,20417.88,1.94,0.93,,,Europa & Zentralasien,Hohes Einkommen
475,Niedersachsen,1994,4.42,5.02,3.85,,,162564000000.0,3761843.0,3953520.0,7715363.0,,0.84,,,21070.17,4.1,0.88,,,Europa & Zentralasien,Hohes Einkommen
476,Niedersachsen,1995,4.46,5.06,3.88,,,164423000000.0,3796589.0,3983833.0,7780422.0,,0.85,,,21132.92,1.14,0.84,,,Europa & Zentralasien,Hohes Einkommen
477,Niedersachsen,1996,4.94,5.75,4.17,1.83,,165464000000.0,3815578.0,3999570.0,7815148.0,,0.85,,,21172.22,0.63,0.45,,,Europa & Zentralasien,Hohes Einkommen
478,Niedersachsen,1997,5.27,6.13,4.46,1.8,,168598000000.0,3831467.0,4013931.0,7845398.0,,0.86,,,21490.05,1.89,0.39,,,Europa & Zentralasien,Hohes Einkommen
479,Niedersachsen,1998,5.08,5.77,4.42,0.95,,174401000000.0,3843617.0,4022223.0,7865840.0,,0.86,,,22171.95,3.44,0.26,,,Europa & Zentralasien,Hohes Einkommen
480,Niedersachsen,1999,4.76,5.31,4.22,0.94,,178196000000.0,3861634.0,4037126.0,7898760.0,,0.87,,,22560.0,2.18,0.42,,,Europa & Zentralasien,Hohes Einkommen
481,Niedersachsen,2000,4.43,4.94,3.94,2.0,,183712000000.0,3875996.0,4050197.0,7926193.0,95.58,0.88,0.94,13.41,23177.84,3.1,0.35,,-4.42,Europa & Zentralasien,Hohes Einkommen
482,Niedersachsen,2001,4.4,4.97,3.86,2.23,,187133000000.0,3893308.0,4063108.0,7956416.0,,0.88,0.95,13.56,23519.76,1.86,0.38,,,Europa & Zentralasien,Hohes Einkommen
483,Niedersachsen,2002,4.53,5.26,3.83,1.28,,186124000000.0,3906956.0,4073516.0,7980472.0,,0.89,0.95,13.81,23322.43,-0.54,0.3,,,Europa & Zentralasien,Hohes Einkommen
484,Niedersachsen,2003,4.75,5.63,3.9,0.88,,187462000000.0,3915213.0,4078202.0,7993415.0,,0.89,0.95,13.96,23452.05,0.72,0.16,,,Europa & Zentralasien,Hohes Einkommen
485,Niedersachsen,2004,4.71,5.64,3.81,1.88,,192288000000.0,3919375.0,4081534.0,8000909.0,90.68,0.9,0.95,14.17,24033.27,2.57,0.09,,,Europa & Zentralasien,Hohes Einkommen
486,Niedersachsen,2005,5.72,6.28,5.17,1.35,,197328000000.0,3917958.0,4075988.0,7993946.0,,0.9,0.96,13.98,24684.68,2.62,-0.09,,,Europa & Zentralasien,Hohes Einkommen
487,Niedersachsen,2006,5.23,5.55,4.93,1.46,,206858000000.0,3914785.0,4067900.0,7982685.0,90.62,0.9,0.96,13.98,25913.34,4.83,-0.14,,,Europa & Zentralasien,Hohes Einkommen
488,Niedersachsen,2007,4.4,4.49,4.32,2.27,,215917000000.0,3911545.0,4060139.0,7971684.0,,0.91,0.96,14.03,27085.49,4.38,-0.14,,,Europa & Zentralasien,Hohes Einkommen
489,Niedersachsen,2008,3.82,3.93,3.7,2.81,,221893000000.0,3901052.0,4046192.0,7947244.0,89.3,0.91,0.96,14.05,27920.75,2.77,-0.31,,,Europa & Zentralasien,Hohes Einkommen
490,Niedersachsen,2009,3.87,4.27,3.5,0.23,,212367000000.0,3894627.0,4034188.0,7928815.0,86.09,0.91,0.96,14.12,26784.2,-4.29,-0.23,-3.59,,Europa & Zentralasien,Hohes Einkommen
491,Niedersachsen,2010,3.77,4.14,3.42,1.25,,225760000000.0,3893761.0,4024532.0,7918293.0,87.78,0.91,0.96,14.12,28511.2,6.31,-0.13,1.96,-8.17,Europa & Zentralasien,Hohes Einkommen
492,Niedersachsen,2011,3.53,3.79,3.29,2.02,,239725000000.0,3803884.0,3970369.0,7774253.0,86.51,0.92,0.96,14.18,30835.76,6.19,-1.82,-1.44,,Europa & Zentralasien,Hohes Einkommen
493,Niedersachsen,2012,3.4,3.65,3.16,1.87,,244817000000.0,3811002.0,3967993.0,7778995.0,84.39,0.92,0.96,14.22,31471.55,2.12,0.06,-2.45,,Europa & Zentralasien,Hohes Einkommen
494,Niedersachsen,2013,3.46,3.76,3.16,1.62,,247883000000.0,3821877.0,3968682.0,7790559.0,85.21,0.92,0.96,14.23,31818.38,1.25,0.15,0.97,,Europa & Zentralasien,Hohes Einkommen
495,Niedersachsen,2014,3.42,3.72,3.13,0.85,,259058000000.0,3846089.0,3980650.0,7826739.0,86.63,0.92,0.96,14.24,33099.1,4.51,0.46,1.66,-4.47,Europa & Zentralasien,Hohes Einkommen
496,Niedersachsen,2015,3.24,3.53,2.95,0.32,,261399000000.0,3915398.0,4011201.0,7926599.0,86.12,0.92,0.97,14.3,32977.45,0.9,1.28,-0.59,,Europa & Zentralasien,Hohes Einkommen
497,Niedersachsen,2016,3.18,3.54,2.83,0.21,,280611000000.0,3923396.0,4022289.0,7945685.0,85.67,0.93,0.97,14.19,35316.15,7.35,0.24,-0.52,-5.46,Europa & Zentralasien,Hohes Einkommen
498,Niedersachsen,2017,3.07,3.41,2.73,1.36,,287902000000.0,3931876.0,4030899.0,7962775.0,84.18,0.93,0.97,14.14,36155.99,2.6,0.21,-1.74,,Europa & Zentralasien,Hohes Einkommen
499,Niedersachsen,2018,2.85,3.18,2.53,1.55,,297590000000.0,3943243.0,4039205.0,7982448.0,82.54,0.93,0.97,14.13,37280.54,3.37,0.25,-1.94,-7.56,Europa & Zentralasien,Hohes Einkommen
500,Niedersachsen,2019,2.73,3.06,2.4,1.32,,310744000000.0,3947571.0,4046037.0,7993608.0,79.28,0.94,0.97,14.14,38874.06,4.42,0.14,-3.95,-7.91,Europa & Zentralasien,Hohes Einkommen
501,Niedersachsen,2020,3.14,3.58,2.72,0.4,0.29,303696000000.0,3951456.0,4051965.0,8003421.0,,0.93,0.98,14.14,37945.77,-2.27,0.12,,,Europa & Zentralasien,Hohes Einkommen
502,Niedersachsen,2021,3.03,3.41,2.65,3.0,0.3,315720000000.0,3962947.0,4064084.0,8027031.0,,0.93,0.98,14.14,39332.1,3.96,0.29,,,Europa & Zentralasien,Hohes Einkommen
503,Niedersachsen,2022,2.83,3.12,2.55,6.8,,339414000000.0,4009822.0,4130420.0,8140242.0,,,,,41695.81,7.5,1.41,,,Europa & Zentralasien,Hohes Einkommen
529,Nordrhein-Westfalen,1992,3.28,3.74,2.86,,,400435000000.0,8561996.0,9117170.0,17679166.0,,0.84,,,22650.11,5.4,0.97,,,Europa & Zentralasien,Hohes Einkommen
530,Nordrhein-Westfalen,1993,3.96,4.69,3.27,,,403209000000.0,8607487.0,9151813.0,17759300.0,,0.85,,,22704.1,0.69,0.45,,,Europa & Zentralasien,Hohes Einkommen
531,Nordrhein-Westfalen,1994,4.4,5.34,3.52,,,414887000000.0,8639741.0,9176338.0,17816079.0,,0.86,,,23287.22,2.9,0.32,,,Europa & Zentralasien,Hohes Einkommen
532,Nordrhein-Westfalen,1995,4.35,5.25,3.51,,,429245000000.0,8684211.0,9208834.0,17893045.0,101.66,0.86,,,23989.49,3.46,0.43,,,Europa & Zentralasien,Hohes Einkommen
533,Nordrhein-Westfalen,1996,4.61,5.58,3.69,1.41,,430662000000.0,8715221.0,9232494.0,17947715.0,,0.87,,,23995.37,0.33,0.31,,,Europa & Zentralasien,Hohes Einkommen
534,Nordrhein-Westfalen,1997,4.92,5.96,3.94,2.09,,440888000000.0,8729381.0,9245106.0,17974487.0,,0.87,,,24528.54,2.37,0.15,,,Europa & Zentralasien,Hohes Einkommen
535,Nordrhein-Westfalen,1998,4.76,5.64,3.93,0.82,,452910000000.0,8733813.0,9241703.0,17975516.0,,0.88,,,25195.94,2.73,0.01,,,Europa & Zentralasien,Hohes Einkommen
536,Nordrhein-Westfalen,1999,4.62,5.4,3.87,0.81,,456587000000.0,8749790.0,9250010.0,17999800.0,,0.88,,,25366.23,0.81,0.14,,,Europa & Zentralasien,Hohes Einkommen
537,Nordrhein-Westfalen,2000,4.32,5.03,3.65,1.47,,465177000000.0,8756656.0,9253209.0,18009865.0,94.89,0.89,0.94,13.24,25829.01,1.88,0.06,,-5.11,Europa & Zentralasien,Hohes Einkommen
538,Nordrhein-Westfalen,2001,4.25,4.97,3.56,1.98,,475513000000.0,8782352.0,9269740.0,18052092.0,,0.9,0.94,13.48,26341.16,2.22,0.23,,,Europa & Zentralasien,Hohes Einkommen
539,Nordrhein-Westfalen,2002,4.49,5.4,3.63,1.42,,482970000000.0,8798673.0,9277682.0,18076355.0,,0.9,0.95,13.65,26718.33,1.57,0.13,,,Europa & Zentralasien,Hohes Einkommen
540,Nordrhein-Westfalen,2003,4.87,5.96,3.83,1.02,,483034000000.0,8803118.0,9276568.0,18079686.0,94.41,0.9,0.95,13.85,26716.95,0.01,0.02,,,Europa & Zentralasien,Hohes Einkommen
541,Nordrhein-Westfalen,2004,4.97,6.09,3.92,1.64,,496191000000.0,8803255.0,9272097.0,18075352.0,93.34,0.91,0.96,13.97,27451.25,2.72,-0.02,-1.13,,Europa & Zentralasien,Hohes Einkommen
542,Nordrhein-Westfalen,2005,5.86,6.61,5.14,1.62,,501286000000.0,8797188.0,9260917.0,18058105.0,90.16,0.91,0.96,13.94,27759.61,1.03,-0.1,-3.41,-11.31,Europa & Zentralasien,Hohes Einkommen
543,Nordrhein-Westfalen,2006,5.62,6.14,5.12,1.35,,518563000000.0,8787345.0,9241400.0,18028745.0,90.9,0.92,0.96,13.83,28763.12,3.45,-0.16,0.82,,Europa & Zentralasien,Hohes Einkommen
544,Nordrhein-Westfalen,2007,4.73,4.97,4.51,2.17,,548742000000.0,8774797.0,9221824.0,17996621.0,92.22,0.92,0.96,13.91,30491.39,5.82,-0.18,1.45,,Europa & Zentralasien,Hohes Einkommen
545,Nordrhein-Westfalen,2008,4.22,4.45,4.0,2.48,,561833000000.0,8746419.0,9186645.0,17933064.0,91.22,0.92,0.96,13.98,31329.45,2.39,-0.35,-1.08,,Europa & Zentralasien,Hohes Einkommen
546,Nordrhein-Westfalen,2009,4.48,5.03,3.96,0.23,,539918000000.0,8719694.0,9153069.0,17872763.0,82.51,0.92,0.96,14.06,30208.98,-3.9,-0.34,-9.55,,Europa & Zentralasien,Hohes Einkommen
547,Nordrhein-Westfalen,2010,4.37,4.88,3.88,1.04,,554213000000.0,8711858.0,9133296.0,17845154.0,86.24,0.92,0.96,14.02,31056.78,2.65,-0.15,4.52,-9.12,Europa & Zentralasien,Hohes Einkommen
548,Nordrhein-Westfalen,2011,4.15,4.57,3.76,2.16,,577123000000.0,8525378.0,9019560.0,17544938.0,83.26,0.93,0.96,14.07,32893.99,4.13,-1.68,-3.46,,Europa & Zentralasien,Hohes Einkommen
549,Nordrhein-Westfalen,2012,4.18,4.61,3.77,1.9,,582710000000.0,8540059.0,9014270.0,17554329.0,84.69,0.93,0.96,14.11,33194.66,0.97,0.05,1.72,,Europa & Zentralasien,Hohes Einkommen
550,Nordrhein-Westfalen,2013,4.34,4.82,3.88,1.64,,594356000000.0,8558968.0,9012888.0,17571856.0,83.46,0.93,0.96,14.1,33824.32,2.0,0.1,-1.45,-11.6,Europa & Zentralasien,Hohes Einkommen
551,Nordrhein-Westfalen,2014,4.33,4.79,3.89,1.18,,617470000000.0,8606003.0,9032095.0,17638098.0,81.65,0.93,0.96,14.16,35007.74,3.89,0.38,-2.17,-12.53,Europa & Zentralasien,Hohes Einkommen
552,Nordrhein-Westfalen,2015,4.17,4.61,3.74,0.53,,637270000000.0,8768019.0,9097497.0,17865516.0,80.25,0.94,0.97,14.19,35670.39,3.21,1.29,-1.72,-11.0,Europa & Zentralasien,Hohes Einkommen
553,Nordrhein-Westfalen,2016,4.06,4.54,3.59,0.53,,653375000000.0,8776760.0,9113340.0,17890100.0,80.31,0.94,0.97,14.26,36521.6,2.53,0.14,0.08,-11.65,Europa & Zentralasien,Hohes Einkommen
554,Nordrhein-Westfalen,2017,3.91,4.39,3.46,1.47,,678970000000.0,8787579.0,9124555.0,17912134.0,76.09,0.94,0.97,14.15,37905.59,3.92,0.12,-5.26,-17.49,Europa & Zentralasien,Hohes Einkommen
555,Nordrhein-Westfalen,2018,3.63,4.05,3.22,1.66,,703065000000.0,8798631.0,9134020.0,17932651.0,74.14,0.94,0.97,14.06,39205.86,3.55,0.12,-2.56,-18.73,Europa & Zentralasien,Hohes Einkommen
556,Nordrhein-Westfalen,2019,3.54,3.99,3.11,1.53,,717359000000.0,8805974.0,9141247.0,17947221.0,66.59,0.94,0.97,14.05,39970.48,2.03,0.08,-10.18,-19.3,Europa & Zentralasien,Hohes Einkommen
557,Nordrhein-Westfalen,2020,4.09,4.68,3.53,0.5,0.3,707186000000.0,8794888.0,9130682.0,17925570.0,,0.94,0.98,14.05,39451.24,-1.42,-0.12,,,Europa & Zentralasien,Hohes Einkommen
558,Nordrhein-Westfalen,2021,4.01,4.51,3.52,3.1,0.31,742818000000.0,8795533.0,9129058.0,17924591.0,,0.94,0.98,14.05,41441.28,5.04,-0.01,,,Europa & Zentralasien,Hohes Einkommen
559,Nordrhein-Westfalen,2022,3.69,4.07,3.31,7.08,,793790000000.0,8890200.0,9248916.0,18139116.0,,,,,43761.23,6.86,1.2,,,Europa & Zentralasien,Hohes Einkommen
585,Rheinland-Pfalz,1992,2.29,2.49,2.1,,,80038000000.0,1892925.0,1988040.0,3880965.0,,0.83,,,20623.22,4.84,1.56,,,Europa & Zentralasien,Hohes Einkommen
586,Rheinland-Pfalz,1993,3.0,3.44,2.58,,,79944000000.0,1917730.0,2008133.0,3925863.0,,0.84,,,20363.42,-0.12,1.16,,,Europa & Zentralasien,Hohes Einkommen
587,Rheinland-Pfalz,1994,3.36,3.91,2.84,,,82936000000.0,1930324.0,2021249.0,3951573.0,,0.85,,,20988.1,3.74,0.66,,,Europa & Zentralasien,Hohes Einkommen
588,Rheinland-Pfalz,1995,3.37,3.93,2.84,,,86071000000.0,1943901.0,2034018.0,3977919.0,110.39,0.85,,,21637.19,3.78,0.67,,,Europa & Zentralasien,Hohes Einkommen
589,Rheinland-Pfalz,1996,3.74,4.45,3.07,1.66,,86172000000.0,1957188.0,2043379.0,4000567.0,,0.86,,,21539.95,0.12,0.57,,,Europa & Zentralasien,Hohes Einkommen
590,Rheinland-Pfalz,1997,4.08,4.83,3.36,1.9,,88827000000.0,1968096.0,2049732.0,4017828.0,,0.86,,,22108.21,3.08,0.43,,,Europa & Zentralasien,Hohes Einkommen
591,Rheinland-Pfalz,1998,3.89,4.47,3.34,0.8,,89825000000.0,1972267.0,2052702.0,4024969.0,,0.87,,,22316.94,1.12,0.18,,,Europa & Zentralasien,Hohes Einkommen
592,Rheinland-Pfalz,1999,3.71,4.16,3.28,0.4,,91937000000.0,1975261.0,2055512.0,4030773.0,,0.87,,,22808.78,2.35,0.14,,,Europa & Zentralasien,Hohes Einkommen
593,Rheinland-Pfalz,2000,3.43,3.77,3.1,1.32,,93617000000.0,1976814.0,2057743.0,4034557.0,74.8,0.88,0.94,13.51,23203.79,1.83,0.09,,-25.2,Europa & Zentralasien,Hohes Einkommen
594,Rheinland-Pfalz,2001,3.33,3.67,3.0,1.95,,93851000000.0,1985677.0,2063389.0,4049066.0,,0.88,0.94,13.67,23178.43,0.25,0.36,,,Europa & Zentralasien,Hohes Einkommen
595,Rheinland-Pfalz,2002,3.54,4.05,3.05,1.4,,95725000000.0,1991331.0,2066396.0,4057727.0,,0.89,0.94,13.96,23590.79,2.0,0.21,,,Europa & Zentralasien,Hohes Einkommen
596,Rheinland-Pfalz,2003,3.81,4.45,3.19,0.88,,96358000000.0,1989127.0,2069555.0,4058682.0,69.76,0.89,0.95,14.15,23741.2,0.66,0.02,,,Europa & Zentralasien,Hohes Einkommen
597,Rheinland-Pfalz,2004,3.83,4.46,3.21,1.62,,99310000000.0,1991975.0,2069130.0,4061105.0,70.17,0.9,0.95,14.41,24453.94,3.06,0.06,0.59,,Europa & Zentralasien,Hohes Einkommen
598,Rheinland-Pfalz,2005,4.4,4.81,4.0,1.6,,99566000000.0,1990248.0,2068595.0,4058843.0,68.77,0.9,0.95,14.12,24530.64,0.26,-0.06,-1.99,-37.7,Europa & Zentralasien,Hohes Einkommen
599,Rheinland-Pfalz,2006,4.02,4.24,3.81,1.33,,103467000000.0,1987553.0,2065307.0,4052860.0,69.63,0.9,0.95,14.03,25529.38,3.92,-0.15,1.25,,Europa & Zentralasien,Hohes Einkommen
600,Rheinland-Pfalz,2007,3.3,3.33,3.26,2.15,,107936000000.0,1984688.0,2060955.0,4045643.0,70.02,0.91,0.95,14.13,26679.57,4.32,-0.18,0.55,,Europa & Zentralasien,Hohes Einkommen
601,Rheinland-Pfalz,2008,2.88,2.96,2.81,2.45,,109464000000.0,1977031.0,2051320.0,4028351.0,72.26,0.91,0.95,14.22,27173.4,1.42,-0.43,3.2,,Europa & Zentralasien,Hohes Einkommen
602,Rheinland-Pfalz,2009,3.17,3.53,2.83,-0.11,,106163000000.0,1970665.0,2042010.0,4012675.0,70.61,0.91,0.96,14.18,26456.91,-3.02,-0.39,-2.28,,Europa & Zentralasien,Hohes Einkommen
603,Rheinland-Pfalz,2010,3.0,3.29,2.71,1.03,,112475000000.0,1967106.0,2036639.0,4003745.0,67.03,0.91,0.96,14.24,28092.45,5.95,-0.22,-5.07,-10.39,Europa & Zentralasien,Hohes Einkommen
604,Rheinland-Pfalz,2011,2.78,3.0,2.57,2.03,,117323000000.0,1951624.0,2038409.0,3990033.0,62.45,0.92,0.96,14.32,29404.02,4.31,-0.34,-6.83,,Europa & Zentralasien,Hohes Einkommen
605,Rheinland-Pfalz,2012,2.78,3.01,2.57,2.21,,120490000000.0,1954161.0,2036117.0,3990278.0,62.66,0.92,0.96,14.38,30195.89,2.7,0.01,0.34,,Europa & Zentralasien,Hohes Einkommen
606,Rheinland-Pfalz,2013,2.91,3.18,2.66,1.52,,123016000000.0,1958977.0,2035389.0,3994366.0,65.14,0.92,0.96,14.36,30797.38,2.1,0.1,3.96,-6.62,Europa & Zentralasien,Hohes Einkommen
607,Rheinland-Pfalz,2014,2.89,3.15,2.63,0.85,,127528000000.0,1970535.0,2041047.0,4011582.0,61.18,0.93,0.96,14.41,31789.95,3.67,0.43,-6.08,-12.81,Europa & Zentralasien,Hohes Einkommen
608,Rheinland-Pfalz,2015,2.79,3.04,2.54,0.42,,132924000000.0,1999333.0,2053470.0,4052803.0,62.04,0.93,0.96,14.44,32798.04,4.23,1.03,1.41,-9.79,Europa & Zentralasien,Hohes Einkommen
609,Rheinland-Pfalz,2016,2.74,3.04,2.45,0.32,,136301000000.0,2006503.0,2059550.0,4066053.0,62.65,0.93,0.97,14.33,33521.7,2.54,0.33,0.99,-10.02,Europa & Zentralasien,Hohes Einkommen
610,Rheinland-Pfalz,2017,2.61,2.89,2.34,1.37,,140117000000.0,2011123.0,2062556.0,4073679.0,63.27,0.93,0.97,14.31,34395.69,2.8,0.19,0.99,-9.63,Europa & Zentralasien,Hohes Einkommen
611,Rheinland-Pfalz,2018,2.42,2.68,2.16,1.66,,143060000000.0,2017576.0,2067268.0,4084844.0,61.56,0.93,0.97,14.29,35022.15,2.1,0.27,-2.7,-14.8,Europa & Zentralasien,Hohes Einkommen
612,Rheinland-Pfalz,2019,2.39,2.67,2.11,1.33,,146985000000.0,2023004.0,2070899.0,4093903.0,62.91,0.94,0.97,14.31,35903.39,2.74,0.22,2.19,-10.9,Europa & Zentralasien,Hohes Einkommen
613,Rheinland-Pfalz,2020,2.88,3.26,2.5,0.6,0.29,144558000000.0,2026105.0,2072286.0,4098391.0,,0.93,0.97,14.31,35271.89,-1.65,0.11,,,Europa & Zentralasien,Hohes Einkommen
614,Rheinland-Pfalz,2021,2.73,3.05,2.42,3.0,0.29,162169000000.0,2030323.0,2076162.0,4106485.0,,0.93,0.97,14.31,39490.95,12.18,0.2,,,Europa & Zentralasien,Hohes Einkommen
615,Rheinland-Pfalz,2022,2.46,2.69,2.24,6.6,,171699000000.0,2054254.0,2104896.0,4159150.0,,,,,41282.23,5.88,1.28,,,Europa & Zentralasien,Hohes Einkommen
641,Saarland,1992,3.53,4.47,2.65,,,22256000000.0,525197.0,558810.0,1084007.0,,0.83,,,20531.23,3.83,0.66,,,Europa & Zentralasien,Hohes Einkommen
642,Saarland,1993,4.38,5.73,3.11,,,21922000000.0,525588.0,558934.0,1084522.0,,0.84,,,20213.51,-1.5,0.05,,,Europa & Zentralasien,Hohes Einkommen
643,Saarland,1994,4.75,6.26,3.32,,,22906000000.0,525432.0,558769.0,1084201.0,,0.85,,,21127.08,4.49,-0.03,,,Europa & Zentralasien,Hohes Einkommen
644,Saarland,1995,4.54,5.89,3.28,,,23838000000.0,525575.0,558795.0,1084370.0,,0.85,,,21983.27,4.07,0.02,,,Europa & Zentralasien,Hohes Einkommen
645,Saarland,1996,4.8,6.23,3.46,1.24,,23255000000.0,525592.0,558592.0,1084184.0,,0.86,,,21449.31,-2.45,-0.02,,,Europa & Zentralasien,Hohes Einkommen
646,Saarland,1997,5.23,6.71,3.84,1.77,,23730000000.0,524034.0,556756.0,1080790.0,,0.86,,,21956.16,2.04,-0.31,,,Europa & Zentralasien,Hohes Einkommen
647,Saarland,1998,4.92,6.21,3.71,0.67,,24182000000.0,520441.0,553782.0,1074223.0,,0.87,,,22511.15,1.91,-0.61,,,Europa & Zentralasien,Hohes Einkommen
648,Saarland,1999,4.68,5.8,3.63,0.53,,24566000000.0,519259.0,552242.0,1071501.0,,0.87,,,22926.72,1.59,-0.25,,,Europa & Zentralasien,Hohes Einkommen
649,Saarland,2000,4.47,5.41,3.59,1.06,,25343000000.0,518228.0,550475.0,1068703.0,,0.88,0.94,13.35,23713.79,3.16,-0.26,,,Europa & Zentralasien,Hohes Einkommen
650,Saarland,2001,4.21,5.06,3.41,1.57,,25899000000.0,517432.0,549038.0,1066470.0,,0.88,0.94,13.6,24284.79,2.19,-0.21,,,Europa & Zentralasien,Hohes Einkommen
651,Saarland,2002,4.27,5.21,3.38,1.29,,25852000000.0,517101.0,547887.0,1064988.0,,0.89,0.95,13.72,24274.45,-0.18,-0.14,,,Europa & Zentralasien,Hohes Einkommen
652,Saarland,2003,4.5,5.54,3.51,1.02,,26107000000.0,515641.0,545735.0,1061376.0,,0.89,0.95,13.79,24597.32,0.99,-0.34,,,Europa & Zentralasien,Hohes Einkommen
653,Saarland,2004,4.35,5.32,3.44,1.76,,27244000000.0,513460.0,542957.0,1056417.0,,0.9,0.95,13.94,25789.06,4.36,-0.47,,,Europa & Zentralasien,Hohes Einkommen
654,Saarland,2005,5.1,5.66,4.56,1.6,,28542000000.0,510359.0,539934.0,1050293.0,,0.9,0.96,13.76,27175.27,4.76,-0.58,,,Europa & Zentralasien,Hohes Einkommen
655,Saarland,2006,4.76,5.09,4.45,1.58,,29768000000.0,507220.0,535947.0,1043167.0,,0.9,0.96,13.51,28536.18,4.29,-0.68,,,Europa & Zentralasien,Hohes Einkommen
656,Saarland,2007,4.1,4.22,3.98,2.27,,31138000000.0,504079.0,532519.0,1036598.0,,0.91,0.96,13.5,30038.65,4.6,-0.63,,,Europa & Zentralasien,Hohes Einkommen
657,Saarland,2008,3.59,3.75,3.43,2.81,,31492000000.0,501185.0,529139.0,1030324.0,,0.91,0.96,13.84,30565.14,1.14,-0.6,,,Europa & Zentralasien,Hohes Einkommen
658,Saarland,2009,3.81,4.31,3.35,0.11,,28517000000.0,497605.0,524980.0,1022585.0,,0.91,0.96,13.96,27887.17,-9.45,-0.75,,,Europa & Zentralasien,Hohes Einkommen
659,Saarland,2010,3.72,4.16,3.3,0.68,,30049000000.0,495206.0,522361.0,1017567.0,,0.92,0.96,14.12,29530.24,5.37,-0.49,,,Europa & Zentralasien,Hohes Einkommen
660,Saarland,2011,3.46,3.77,3.16,2.26,,31790000000.0,484604.0,513251.0,997855.0,,0.92,0.96,14.1,31858.34,5.79,-1.94,,,Europa & Zentralasien,Hohes Einkommen
661,Saarland,2012,3.45,3.79,3.12,2.1,,32018000000.0,483558.0,510729.0,994287.0,,0.92,0.96,14.18,32201.97,0.72,-0.36,,,Europa & Zentralasien,Hohes Einkommen
662,Saarland,2013,3.77,4.2,3.37,1.19,,31716000000.0,482434.0,508284.0,990718.0,,0.92,0.97,14.16,32013.15,-0.94,-0.36,,,Europa & Zentralasien,Hohes Einkommen
663,Saarland,2014,3.73,4.12,3.36,0.96,,33254000000.0,482599.0,506436.0,989035.0,,0.92,0.96,14.1,33622.67,4.85,-0.17,,,Europa & Zentralasien,Hohes Einkommen
664,Saarland,2015,3.71,4.15,3.28,0.42,,34039000000.0,488631.0,506966.0,995597.0,,0.92,0.97,14.01,34189.54,2.36,0.66,,,Europa & Zentralasien,Hohes Einkommen
665,Saarland,2016,3.72,4.27,3.19,0.32,,34264000000.0,489416.0,507235.0,996651.0,,0.93,0.97,14.27,34379.14,0.66,0.11,,,Europa & Zentralasien,Hohes Einkommen
666,Saarland,2017,3.49,4.0,2.99,1.47,,35347000000.0,487895.0,506292.0,994187.0,,0.93,0.97,14.17,35553.67,3.16,-0.25,,,Europa & Zentralasien,Hohes Einkommen
667,Saarland,2018,3.25,3.75,2.78,1.76,,35871000000.0,486159.0,504350.0,990509.0,,0.93,0.97,14.12,36214.71,1.48,-0.37,,,Europa & Zentralasien,Hohes Einkommen
668,Saarland,2019,3.33,3.89,2.79,1.32,,35855000000.0,484419.0,502468.0,986887.0,,0.94,0.97,14.05,36331.41,-0.04,-0.37,,,Europa & Zentralasien,Hohes Einkommen
669,Saarland,2020,3.9,4.66,3.17,0.4,0.28,34628000000.0,483001.0,500990.0,983991.0,,0.93,0.98,14.05,35191.38,-3.42,-0.29,,,Europa & Zentralasien,Hohes Einkommen
670,Saarland,2021,3.68,4.31,3.07,2.9,0.28,36112000000.0,482439.0,499909.0,982348.0,,0.93,0.98,14.05,36760.9,4.29,-0.17,,,Europa & Zentralasien,Hohes Einkommen
671,Saarland,2022,3.33,3.81,2.86,6.12,,38505000000.0,487101.0,505565.0,992666.0,,,,,38789.48,6.63,1.05,,,Europa & Zentralasien,Hohes Einkommen
697,Sachsen,1992,6.82,4.82,8.62,,,45533000000.0,2201259.0,2439738.0,4640997.0,,0.83,,,9811.04,24.35,-0.81,,,Europa & Zentralasien,Hohes Einkommen
698,Sachsen,1993,6.85,4.73,8.78,,,55172000000.0,2193793.0,2413867.0,4607660.0,,0.84,,,11973.97,21.17,-0.72,,,Europa & Zentralasien,Hohes Einkommen
699,Sachsen,1994,7.05,4.66,9.25,,,63987000000.0,2192299.0,2392046.0,4584345.0,,0.85,,,13957.72,15.98,-0.51,,,Europa & Zentralasien,Hohes Einkommen
700,Sachsen,1995,6.43,4.46,8.26,,,70361000000.0,2194597.0,2372006.0,4566603.0,67.56,0.85,,,15407.73,9.96,-0.39,,,Europa & Zentralasien,Hohes Einkommen
701,Sachsen,1996,7.09,5.85,8.24,2.14,,73008000000.0,2191334.0,2354368.0,4545702.0,,0.86,,,16060.89,3.76,-0.46,,,Europa & Zentralasien,Hohes Einkommen
702,Sachsen,1997,8.27,7.26,9.21,2.38,,72954000000.0,2184168.0,2338244.0,4522412.0,,0.86,,,16131.66,-0.07,-0.51,,,Europa & Zentralasien,Hohes Einkommen
703,Sachsen,1998,8.53,7.81,9.2,1.09,,74098000000.0,2170172.0,2319243.0,4489415.0,,0.87,,,16505.05,1.57,-0.73,,,Europa & Zentralasien,Hohes Einkommen
704,Sachsen,1999,8.52,7.92,9.07,0.41,,75612000000.0,2158726.0,2300960.0,4459686.0,,0.87,,,16954.56,2.04,-0.66,,,Europa & Zentralasien,Hohes Einkommen
705,Sachsen,2000,8.76,8.59,8.93,1.48,,75609000000.0,2144676.0,2280905.0,4425581.0,47.23,0.88,0.95,14.25,17084.54,-0.0,-0.77,,-52.77,Europa & Zentralasien,Hohes Einkommen
706,Sachsen,2001,9.11,9.23,9.0,1.72,,78042000000.0,2126723.0,2257469.0,4384192.0,,0.89,0.96,14.41,17800.77,3.22,-0.94,,,Europa & Zentralasien,Hohes Einkommen
707,Sachsen,2002,9.32,9.68,8.98,0.91,,80675000000.0,2112497.0,2236562.0,4349059.0,,0.89,0.96,14.51,18549.99,3.37,-0.8,,,Europa & Zentralasien,Hohes Einkommen
708,Sachsen,2003,9.34,9.62,9.06,0.78,,82339000000.0,2102768.0,2218669.0,4321437.0,54.87,0.9,0.97,14.6,19053.62,2.06,-0.64,,,Europa & Zentralasien,Hohes Einkommen
709,Sachsen,2004,9.22,9.53,8.94,1.54,,84603000000.0,2091821.0,2204463.0,4296284.0,53.66,0.91,0.97,14.81,19692.13,2.75,-0.58,-2.21,,Europa & Zentralasien,Hohes Einkommen
710,Sachsen,2005,9.41,9.96,8.89,1.52,,84381000000.0,2083240.0,2190514.0,4273754.0,52.4,0.91,0.97,14.72,19744.0,-0.26,-0.52,-2.35,-22.44,Europa & Zentralasien,Hohes Einkommen
711,Sachsen,2006,8.75,9.04,8.48,1.99,,88686000000.0,2073755.0,2176019.0,4249774.0,53.34,0.91,0.97,14.6,20868.4,5.1,-0.56,1.8,,Europa & Zentralasien,Hohes Einkommen
712,Sachsen,2007,7.61,7.62,7.61,2.68,,92657000000.0,2060804.0,2159396.0,4220200.0,51.62,0.91,0.97,14.61,21955.59,4.48,-0.7,-3.23,,Europa & Zentralasien,Hohes Einkommen
713,Sachsen,2008,6.65,6.79,6.51,2.61,,93577000000.0,2049173.0,2143628.0,4192801.0,50.8,0.92,0.98,14.59,22318.49,0.99,-0.65,-1.57,,Europa & Zentralasien,Hohes Einkommen
714,Sachsen,2009,6.66,7.34,6.02,0.23,,90848000000.0,2039451.0,2129281.0,4168732.0,51.47,0.92,0.98,14.54,21792.72,-2.92,-0.57,1.31,,Europa & Zentralasien,Hohes Einkommen
715,Sachsen,2010,6.1,6.73,5.5,1.15,,94818000000.0,2031630.0,2117847.0,4149477.0,50.8,0.92,0.98,14.56,22850.59,4.37,-0.46,-1.31,7.56,Europa & Zentralasien,Hohes Einkommen
716,Sachsen,2011,5.6,6.09,5.12,2.05,,99403000000.0,1978178.0,2076004.0,4054182.0,48.63,0.92,0.98,14.54,24518.63,4.84,-2.3,-4.27,,Europa & Zentralasien,Hohes Einkommen
717,Sachsen,2012,5.13,5.66,4.62,1.9,,101330000000.0,1978504.0,2071700.0,4050204.0,50.4,0.92,0.98,14.53,25018.49,1.94,-0.1,3.64,,Europa & Zentralasien,Hohes Einkommen
718,Sachsen,2013,4.96,5.54,4.4,1.65,,104139000000.0,1979164.0,2067221.0,4046385.0,53.01,0.92,0.98,14.58,25736.31,2.77,-0.09,5.17,-3.4,Europa & Zentralasien,Hohes Einkommen
719,Sachsen,2014,4.62,5.12,4.15,0.86,,109328000000.0,1987607.0,2067667.0,4055274.0,52.14,0.93,0.98,14.61,26959.46,4.98,0.22,-1.63,-2.83,Europa & Zentralasien,Hohes Einkommen
720,Sachsen,2015,4.27,4.71,3.84,0.75,,113588000000.0,2011561.0,2073290.0,4084851.0,51.08,0.93,0.98,14.66,27807.13,3.9,0.73,-2.04,-2.51,Europa & Zentralasien,Hohes Einkommen
721,Sachsen,2016,3.87,4.36,3.39,0.43,,117237000000.0,2009991.0,2071792.0,4081783.0,51.44,0.93,0.98,14.6,28722.01,3.21,-0.07,0.7,-3.56,Europa & Zentralasien,Hohes Einkommen
722,Sachsen,2017,3.44,3.9,2.99,1.69,,121844000000.0,2010214.0,2071094.0,4081308.0,53.09,0.94,0.98,14.53,29854.15,3.93,-0.01,3.2,2.85,Europa & Zentralasien,Hohes Einkommen
723,Sachsen,2018,3.1,3.55,2.66,1.66,,125180000000.0,2009619.0,2068318.0,4077937.0,52.6,0.94,0.98,14.47,30696.89,2.74,-0.08,-0.91,3.54,Europa & Zentralasien,Hohes Einkommen
724,Sachsen,2019,2.85,3.3,2.41,1.43,,130348000000.0,2006722.0,2065249.0,4071971.0,48.96,0.94,0.99,14.42,32011.03,4.13,-0.15,-6.93,-4.88,Europa & Zentralasien,Hohes Einkommen
725,Sachsen,2020,3.17,3.71,2.64,0.91,0.25,128679000000.0,1999026.0,2057915.0,4056941.0,,0.93,0.99,14.42,31718.23,-1.28,-0.37,,,Europa & Zentralasien,Hohes Einkommen
726,Sachsen,2021,3.09,3.57,2.62,3.2,0.25,134984000000.0,1992884.0,2050118.0,4043002.0,,0.93,0.99,14.42,33387.07,4.9,-0.34,,,Europa & Zentralasien,Hohes Einkommen
727,Sachsen,2022,2.89,3.25,2.55,6.88,,146511000000.0,2010537.0,2075615.0,4086152.0,,,,,35855.49,8.54,1.07,,,Europa & Zentralasien,Hohes Einkommen
753,Sachsen-Anhalt,1992,7.78,5.69,9.7,,,25615000000.0,1343254.0,1453727.0,2796981.0,,0.81,,,9158.09,24.93,-0.93,,,Europa & Zentralasien,Hohes Einkommen
754,Sachsen-Anhalt,1993,8.09,6.1,9.94,,,31476000000.0,1337670.0,1440265.0,2777935.0,,0.82,,,11330.72,22.88,-0.68,,,Europa & Zentralasien,Hohes Einkommen
755,Sachsen-Anhalt,1994,8.17,6.1,10.11,,,36204000000.0,1332127.0,1427086.0,2759213.0,,0.83,,,13121.13,15.02,-0.67,,,Europa & Zentralasien,Hohes Einkommen
756,Sachsen-Anhalt,1995,7.6,6.04,9.07,,,38452000000.0,1325431.0,1413497.0,2738928.0,56.66,0.83,,,14039.07,6.21,-0.73,,,Europa & Zentralasien,Hohes Einkommen
757,Sachsen-Anhalt,1996,8.61,7.62,9.53,1.97,,40069000000.0,1320552.0,1403068.0,2723620.0,,0.84,,,14711.67,4.21,-0.56,,,Europa & Zentralasien,Hohes Einkommen
758,Sachsen-Anhalt,1997,10.01,9.08,10.89,2.35,,41026000000.0,1311200.0,1390490.0,2701690.0,,0.84,,,15185.31,2.39,-0.81,,,Europa & Zentralasien,Hohes Einkommen
759,Sachsen-Anhalt,1998,10.18,9.51,10.81,1.22,,41578000000.0,1298508.0,1375982.0,2674490.0,,0.85,,,15546.14,1.34,-1.01,,,Europa & Zentralasien,Hohes Einkommen
760,Sachsen-Anhalt,1999,10.28,9.64,10.88,0.53,,42088000000.0,1287102.0,1361635.0,2648737.0,,0.85,,,15889.84,1.23,-0.96,,,Europa & Zentralasien,Hohes Einkommen
761,Sachsen-Anhalt,2000,10.43,10.14,10.72,1.46,,42470000000.0,1271259.0,1344116.0,2615375.0,58.5,0.86,0.96,13.77,16238.59,0.91,-1.26,,-41.5,Europa & Zentralasien,Hohes Einkommen
762,Sachsen-Anhalt,2001,10.25,10.24,10.26,1.96,,43108000000.0,1255728.0,1324898.0,2580626.0,,0.86,0.97,13.83,16704.47,1.5,-1.33,,,Europa & Zentralasien,Hohes Einkommen
763,Sachsen-Anhalt,2002,10.22,10.47,9.98,1.03,,44511000000.0,1241832.0,1307079.0,2548911.0,,0.87,0.97,14.09,17462.75,3.25,-1.23,,,Europa & Zentralasien,Hohes Einkommen
764,Sachsen-Anhalt,2003,10.63,10.98,10.3,0.76,,44756000000.0,1230521.0,1292420.0,2522941.0,63.67,0.88,0.97,14.16,17739.61,0.55,-1.02,,,Europa & Zentralasien,Hohes Einkommen
765,Sachsen-Anhalt,2004,10.53,10.87,10.22,2.02,,45628000000.0,1216890.0,1277547.0,2494437.0,62.89,0.89,0.98,14.34,18291.9,1.95,-1.13,-1.23,,Europa & Zentralasien,Hohes Einkommen
766,Sachsen-Anhalt,2005,10.47,11.01,9.94,1.36,,45599000000.0,1205720.0,1263996.0,2469716.0,62.95,0.88,0.98,14.14,18463.26,-0.06,-0.99,0.1,11.11,Europa & Zentralasien,Hohes Einkommen
767,Sachsen-Anhalt,2006,9.5,9.8,9.21,1.34,,47699000000.0,1193473.0,1248314.0,2441787.0,62.65,0.89,0.98,13.99,19534.46,4.61,-1.13,-0.48,,Europa & Zentralasien,Hohes Einkommen
768,Sachsen-Anhalt,2007,8.34,8.32,8.36,2.05,,49846000000.0,1179952.0,1232520.0,2412472.0,61.27,0.89,0.98,13.97,20661.79,4.5,-1.2,-2.21,,Europa & Zentralasien,Hohes Einkommen
769,Sachsen-Anhalt,2008,7.33,7.42,7.25,2.71,,50592000000.0,1165683.0,1216189.0,2381872.0,62.87,0.89,0.98,14.05,21240.44,1.5,-1.27,2.62,,Europa & Zentralasien,Hohes Einkommen
770,Sachsen-Anhalt,2009,7.12,7.77,6.49,0.11,,48316000000.0,1153749.0,1202470.0,2356219.0,65.46,0.89,0.98,14.14,20505.73,-4.5,-1.08,4.11,,Europa & Zentralasien,Hohes Einkommen
771,Sachsen-Anhalt,2010,6.48,7.1,5.88,1.15,,51120000000.0,1144118.0,1190888.0,2335006.0,63.78,0.9,0.98,14.15,21892.88,5.8,-0.9,-2.57,9.02,Europa & Zentralasien,Hohes Einkommen
772,Sachsen-Anhalt,2011,6.12,6.64,5.62,1.93,,51983000000.0,1112710.0,1164026.0,2276736.0,63.46,0.9,0.98,14.15,22832.25,1.69,-2.5,-0.49,,Europa & Zentralasien,Hohes Einkommen
773,Sachsen-Anhalt,2012,6.05,6.61,5.52,1.89,,54120000000.0,1104896.0,1154497.0,2259393.0,64.2,0.91,0.98,14.16,23953.34,4.11,-0.76,1.16,,Europa & Zentralasien,Hohes Einkommen
774,Sachsen-Anhalt,2013,5.89,6.5,5.3,1.53,,55049000000.0,1098633.0,1145944.0,2244577.0,63.25,0.91,0.99,14.14,24525.33,1.72,-0.66,-1.48,-0.66,Europa & Zentralasien,Hohes Einkommen
775,Sachsen-Anhalt,2014,5.62,6.16,5.09,1.18,,56318000000.0,1095797.0,1139751.0,2235548.0,60.02,0.91,0.98,14.2,25192.03,2.31,-0.4,-5.12,-4.57,Europa & Zentralasien,Hohes Einkommen
776,Sachsen-Anhalt,2015,5.29,5.79,4.81,0.74,,57396000000.0,1106689.0,1138781.0,2245470.0,58.66,0.91,0.99,14.14,25560.8,1.91,0.44,-2.25,-6.81,Europa & Zentralasien,Hohes Einkommen
777,Sachsen-Anhalt,2016,4.93,5.48,4.4,0.42,,58991000000.0,1102454.0,1133798.0,2236252.0,57.37,0.91,0.99,14.1,26379.41,2.78,-0.41,-2.21,-8.44,Europa & Zentralasien,Hohes Einkommen
778,Sachsen-Anhalt,2017,4.36,4.87,3.87,1.37,,60909000000.0,1094876.0,1128205.0,2223081.0,57.13,0.91,0.99,13.92,27398.46,3.25,-0.59,-0.41,-6.75,Europa & Zentralasien,Hohes Einkommen
779,Sachsen-Anhalt,2018,3.99,4.51,3.49,1.55,,62039000000.0,1086679.0,1121642.0,2208321.0,59.85,0.91,1.0,13.8,28093.29,1.85,-0.66,4.77,-4.8,Europa & Zentralasien,Hohes Einkommen
780,Sachsen-Anhalt,2019,3.67,4.19,3.17,1.53,,64692000000.0,1079862.0,1114920.0,2194782.0,53.54,0.92,0.99,13.87,29475.36,4.28,-0.61,-10.55,-18.21,Europa & Zentralasien,Hohes Einkommen
781,Sachsen-Anhalt,2020,3.95,4.59,3.33,0.5,0.26,64198000000.0,1072595.0,1108089.0,2180684.0,,0.91,1.0,13.87,29439.39,-0.76,-0.64,,,Europa & Zentralasien,Hohes Einkommen
782,Sachsen-Anhalt,2021,3.74,4.32,3.17,3.2,0.26,68253000000.0,1067143.0,1102110.0,2169253.0,,0.91,1.0,13.87,31463.83,6.32,-0.52,,,Europa & Zentralasien,Hohes Einkommen
783,Sachsen-Anhalt,2022,3.57,4.08,3.07,7.27,,75436000000.0,1073711.0,1112932.0,2186643.0,,,,,34498.54,10.52,0.8,,,Europa & Zentralasien,Hohes Einkommen
809,Schleswig-Holstein,1992,3.01,3.5,2.55,,,53885000000.0,1306114.0,1373461.0,2679575.0,,0.83,,,20109.53,5.72,1.17,,,Europa & Zentralasien,Hohes Einkommen
810,Schleswig-Holstein,1993,3.47,4.06,2.9,,,54916000000.0,1313927.0,1380948.0,2694875.0,,0.84,,,20377.94,1.91,0.57,,,Europa & Zentralasien,Hohes Einkommen
811,Schleswig-Holstein,1994,3.78,4.47,3.11,,,56662000000.0,1320784.0,1387608.0,2708392.0,,0.85,,,20920.9,3.18,0.5,,,Europa & Zentralasien,Hohes Einkommen
812,Schleswig-Holstein,1995,3.75,4.42,3.11,,,58727000000.0,1330257.0,1395204.0,2725461.0,96.87,0.85,,,21547.55,3.64,0.63,,,Europa & Zentralasien,Hohes Einkommen
813,Schleswig-Holstein,1996,4.12,4.96,3.33,,,59664000000.0,1339326.0,1402967.0,2742293.0,,0.86,,,21756.97,1.6,0.62,,,Europa & Zentralasien,Hohes Einkommen
814,Schleswig-Holstein,1997,4.6,5.57,3.68,,,60983000000.0,1346729.0,1409744.0,2756473.0,,0.86,,,22123.56,2.21,0.52,,,Europa & Zentralasien,Hohes Einkommen
815,Schleswig-Holstein,1998,4.64,5.57,3.75,,,61807000000.0,1351519.0,1414538.0,2766057.0,,0.87,,,22344.8,1.35,0.35,,,Europa & Zentralasien,Hohes Einkommen
816,Schleswig-Holstein,1999,4.4,5.21,3.62,,,62417000000.0,1357398.0,1419877.0,2777275.0,,0.87,,,22474.19,0.99,0.41,,,Europa & Zentralasien,Hohes Einkommen
817,Schleswig-Holstein,2000,4.1,4.86,3.38,,,63740000000.0,1363617.0,1426144.0,2789761.0,91.25,0.88,0.94,13.59,22847.84,2.12,0.45,,-8.75,Europa & Zentralasien,Hohes Einkommen
818,Schleswig-Holstein,2001,4.14,4.98,3.34,,,65653000000.0,1370626.0,1433623.0,2804249.0,,0.88,0.94,13.7,23411.97,3.0,0.52,,,Europa & Zentralasien,Hohes Einkommen
819,Schleswig-Holstein,2002,4.32,5.26,3.42,,,64774000000.0,1376370.0,1440137.0,2816507.0,,0.89,0.95,13.82,22997.99,-1.34,0.44,,,Europa & Zentralasien,Hohes Einkommen
820,Schleswig-Holstein,2003,4.82,5.9,3.79,,,65472000000.0,1379707.0,1443464.0,2823171.0,90.37,0.89,0.95,14.08,23190.94,1.08,0.24,,,Europa & Zentralasien,Hohes Einkommen
821,Schleswig-Holstein,2004,4.87,5.93,3.86,,,66894000000.0,1382531.0,1446229.0,2828760.0,86.25,0.9,0.95,14.28,23647.82,2.17,0.2,-4.56,,Europa & Zentralasien,Hohes Einkommen
822,Schleswig-Holstein,2005,5.7,6.38,5.05,,,67269000000.0,1385285.0,1447665.0,2832950.0,83.82,0.9,0.95,14.13,23745.21,0.56,0.15,-2.81,-13.47,Europa & Zentralasien,Hohes Einkommen
823,Schleswig-Holstein,2006,4.97,5.37,4.58,,,69368000000.0,1386770.0,1447484.0,2834254.0,83.81,0.9,0.95,14.06,24474.87,3.12,0.05,-0.01,,Europa & Zentralasien,Hohes Einkommen
824,Schleswig-Holstein,2007,4.2,4.39,4.0,,,71052000000.0,1388938.0,1448435.0,2837373.0,76.97,0.9,0.96,14.02,25041.47,2.43,0.11,-8.16,,Europa & Zentralasien,Hohes Einkommen
825,Schleswig-Holstein,2008,3.79,4.01,3.57,,,73298000000.0,1387798.0,1446462.0,2834260.0,82.24,0.91,0.95,14.22,25861.42,3.16,-0.11,6.85,,Europa & Zentralasien,Hohes Einkommen
826,Schleswig-Holstein,2009,3.9,4.38,3.43,,,71275000000.0,1387049.0,1444978.0,2832027.0,79.76,0.91,0.96,14.12,25167.49,-2.76,-0.08,-3.02,,Europa & Zentralasien,Hohes Einkommen
827,Schleswig-Holstein,2010,3.78,4.25,3.33,,,72935000000.0,1388912.0,1445347.0,2834259.0,81.71,0.91,0.96,14.12,25733.36,2.33,0.08,2.45,-10.45,Europa & Zentralasien,Hohes Einkommen
828,Schleswig-Holstein,2011,3.7,4.14,3.28,,,75930000000.0,1362391.0,1439875.0,2802266.0,77.13,0.91,0.96,14.22,27095.93,4.11,-1.13,-5.61,,Europa & Zentralasien,Hohes Einkommen
829,Schleswig-Holstein,2012,3.56,3.99,3.16,,,78768000000.0,1365954.0,1440577.0,2806531.0,81.83,0.92,0.96,14.22,28065.96,3.74,0.15,6.1,,Europa & Zentralasien,Hohes Einkommen
830,Schleswig-Holstein,2013,3.61,4.07,3.18,,,80007000000.0,1372031.0,1443924.0,2815955.0,82.33,0.92,0.97,14.23,28412.03,1.57,0.34,0.61,-8.89,Europa & Zentralasien,Hohes Einkommen
831,Schleswig-Holstein,2014,3.57,4.01,3.14,,,82868000000.0,1381451.0,1449413.0,2830864.0,78.93,0.92,0.96,14.27,29273.04,3.58,0.53,-4.12,-8.48,Europa & Zentralasien,Hohes Einkommen
832,Schleswig-Holstein,2015,3.42,3.88,2.99,,,84799000000.0,1399458.0,1459256.0,2858714.0,77.9,0.92,0.97,14.34,29663.34,2.33,0.98,-1.31,-7.06,Europa & Zentralasien,Hohes Einkommen
833,Schleswig-Holstein,2016,3.3,3.76,2.85,0.42,,87512000000.0,1412665.0,1469261.0,2881926.0,77.63,0.92,0.97,14.35,30365.8,3.2,0.81,-0.35,-7.37,Europa & Zentralasien,Hohes Einkommen
834,Schleswig-Holstein,2017,3.2,3.65,2.76,1.47,,92620000000.0,1416535.0,1473286.0,2889821.0,77.75,0.92,0.96,14.24,32050.43,5.84,0.27,0.15,1.02,Europa & Zentralasien,Hohes Einkommen
835,Schleswig-Holstein,2018,2.94,3.34,2.55,1.55,,95008000000.0,1419457.0,1477255.0,2896712.0,76.34,0.92,0.97,14.09,32798.57,2.58,0.24,-1.81,-7.17,Europa & Zentralasien,Hohes Einkommen
836,Schleswig-Holstein,2019,2.74,3.14,2.37,1.22,,99607000000.0,1422883.0,1480890.0,2903773.0,72.02,0.93,0.97,14.08,34302.61,4.84,0.24,-5.66,-9.7,Europa & Zentralasien,Hohes Einkommen
837,Schleswig-Holstein,2020,3.17,3.65,2.7,0.7,0.29,99696000000.0,1425649.0,1485226.0,2910875.0,,0.92,0.98,14.08,34249.5,0.09,0.24,,,Europa & Zentralasien,Hohes Einkommen
838,Schleswig-Holstein,2021,3.04,3.47,2.63,3.0,0.28,104709000000.0,1431064.0,1490941.0,2922005.0,,0.92,0.98,14.08,35834.64,5.03,0.38,,,Europa & Zentralasien,Hohes Einkommen
839,Schleswig-Holstein,2022,2.76,3.11,2.43,6.21,,112755000000.0,1443269.0,1510001.0,2953270.0,,,,,38179.71,7.68,1.07,,,Europa & Zentralasien,Hohes Einkommen
865,Thüringen,1992,7.57,5.32,9.65,,,22738000000.0,1224415.0,1321393.0,2545808.0,,0.82,,,8931.55,33.52,-1.02,,,Europa & Zentralasien,Hohes Einkommen
866,Thüringen,1993,7.62,5.42,9.66,,,27870000000.0,1222397.0,1310402.0,2532799.0,,0.83,,,11003.64,22.57,-0.51,,,Europa & Zentralasien,Hohes Einkommen
867,Thüringen,1994,7.56,5.32,9.66,,,32519000000.0,1217934.0,1299842.0,2517776.0,,0.84,,,12915.76,16.68,-0.59,,,Europa & Zentralasien,Hohes Einkommen
868,Thüringen,1995,6.88,5.13,8.52,,,34328000000.0,1214213.0,1289572.0,2503785.0,54.39,0.84,,,13710.44,5.56,-0.56,,,Europa & Zentralasien,Hohes Einkommen
869,Thüringen,1996,7.67,6.67,8.61,1.98,,35606000000.0,1210722.0,1280397.0,2491119.0,,0.85,,,14293.18,3.72,-0.51,,,Europa & Zentralasien,Hohes Einkommen
870,Thüringen,1997,8.78,7.82,9.69,2.22,,36727000000.0,1206667.0,1271481.0,2478148.0,,0.85,,,14820.34,3.15,-0.52,,,Europa & Zentralasien,Hohes Einkommen
871,Thüringen,1998,8.5,7.82,9.14,1.09,,37725000000.0,1201329.0,1261507.0,2462836.0,,0.86,,,15317.71,2.72,-0.62,,,Europa & Zentralasien,Hohes Einkommen
872,Thüringen,1999,7.73,7.06,8.38,0.54,,38945000000.0,1196959.0,1252123.0,2449082.0,,0.86,,,15901.88,3.23,-0.56,,,Europa & Zentralasien,Hohes Einkommen
873,Thüringen,2000,7.97,7.44,8.47,0.93,,39525000000.0,1189951.0,1241304.0,2431255.0,49.37,0.87,0.96,13.91,16257.04,1.49,-0.73,,-50.63,Europa & Zentralasien,Hohes Einkommen
874,Thüringen,2001,8.05,7.78,8.31,2.38,,40562000000.0,1182177.0,1229210.0,2411387.0,,0.87,0.96,14.19,16821.02,2.62,-0.82,,,Europa & Zentralasien,Hohes Einkommen
875,Thüringen,2002,8.41,8.47,8.35,1.16,,41087000000.0,1174211.0,1217829.0,2392040.0,,0.88,0.96,14.35,17176.55,1.29,-0.8,,,Europa & Zentralasien,Hohes Einkommen
876,Thüringen,2003,8.88,9.04,8.72,1.28,,41894000000.0,1166263.0,1206894.0,2373157.0,47.57,0.89,0.97,14.45,17653.28,1.96,-0.79,,,Europa & Zentralasien,Hohes Einkommen
877,Thüringen,2004,8.81,8.99,8.63,1.51,,42830000000.0,1158456.0,1196824.0,2355280.0,47.03,0.89,0.97,14.6,18184.67,2.23,-0.75,-1.12,,Europa & Zentralasien,Hohes Einkommen
878,Thüringen,2005,8.99,9.29,8.7,1.61,,42813000000.0,1149515.0,1185060.0,2334575.0,45.51,0.9,0.97,14.59,18338.67,-0.04,-0.88,-3.24,-16.32,Europa & Zentralasien,Hohes Einkommen
879,Thüringen,2006,8.15,8.12,8.18,1.71,,44619000000.0,1139051.0,1172089.0,2311140.0,44.44,0.9,0.97,14.32,19306.06,4.22,-1.0,-2.34,,Europa & Zentralasien,Hohes Einkommen
880,Thüringen,2007,6.92,6.63,7.21,1.92,,46548000000.0,1128941.0,1160278.0,2289219.0,41.71,0.9,0.97,14.29,20333.57,4.32,-0.95,-6.15,,Europa & Zentralasien,Hohes Einkommen
881,Thüringen,2008,5.95,5.78,6.11,2.24,,47011000000.0,1118827.0,1148936.0,2267763.0,42.94,0.9,0.98,14.35,20730.12,0.99,-0.94,2.95,,Europa & Zentralasien,Hohes Einkommen
882,Thüringen,2009,6.05,6.4,5.7,0.0,,45106000000.0,1110714.0,1139168.0,2249882.0,41.64,0.9,0.98,14.37,20048.16,-4.05,-0.79,-3.02,,Europa & Zentralasien,Hohes Einkommen
883,Thüringen,2010,5.24,5.62,4.86,0.92,,47829000000.0,1103693.0,1131332.0,2235025.0,42.07,0.91,0.98,14.38,21399.76,6.04,-0.66,1.03,-14.78,Europa & Zentralasien,Hohes Einkommen
884,Thüringen,2011,4.78,5.07,4.49,2.06,,50625000000.0,1073069.0,1108534.0,2181603.0,39.9,0.91,0.98,14.48,23205.41,5.85,-2.39,-5.17,,Europa & Zentralasien,Hohes Einkommen
885,Thüringen,2012,4.58,4.92,4.25,2.02,,51363000000.0,1068127.0,1102333.0,2170460.0,40.74,0.91,0.98,14.5,23664.57,1.46,-0.51,2.13,,Europa & Zentralasien,Hohes Einkommen
886,Thüringen,2013,4.44,4.83,4.05,1.32,,53401000000.0,1063687.0,1097153.0,2160840.0,41.15,0.92,0.98,14.44,24713.07,3.97,-0.44,1.0,-13.49,Europa & Zentralasien,Hohes Einkommen
887,Thüringen,2014,4.18,4.54,3.83,0.65,,56197000000.0,1062930.0,1093829.0,2156759.0,39.28,0.92,0.98,14.43,26056.23,5.24,-0.19,-4.54,-16.48,Europa & Zentralasien,Hohes Einkommen
888,Thüringen,2015,3.93,4.27,3.59,0.86,,57476000000.0,1075139.0,1095575.0,2170714.0,39.37,0.92,0.99,14.36,26477.92,2.28,0.65,0.22,-13.49,Europa & Zentralasien,Hohes Einkommen
889,Thüringen,2016,3.58,3.96,3.2,0.64,,59008000000.0,1067878.0,1090250.0,2158128.0,40.26,0.92,0.99,14.42,27342.22,2.67,-0.58,2.25,-9.42,Europa & Zentralasien,Hohes Einkommen
890,Thüringen,2017,3.19,3.56,2.82,1.48,,61180000000.0,1065004.0,1086201.0,2151205.0,40.49,0.92,0.98,14.38,28439.87,3.68,-0.32,0.57,-2.93,Europa & Zentralasien,Hohes Einkommen
891,Thüringen,2018,2.9,3.25,2.56,1.78,,62240000000.0,1060814.0,1082331.0,2143145.0,40.48,0.93,0.99,14.35,29041.43,1.73,-0.38,-0.03,-5.74,Europa & Zentralasien,Hohes Einkommen
892,Thüringen,2019,2.77,3.15,2.4,1.44,,63803000000.0,1055996.0,1077382.0,2133378.0,39.86,0.93,0.99,14.25,29907.03,2.51,-0.46,-1.53,-4.29,Europa & Zentralasien,Hohes Einkommen
893,Thüringen,2020,3.14,3.63,2.67,1.21,0.25,63241000000.0,1049212.0,1071025.0,2120237.0,,0.92,0.99,14.25,29827.33,-0.88,-0.62,,,Europa & Zentralasien,Hohes Einkommen
894,Thüringen,2021,2.95,3.36,2.55,3.2,0.26,66424000000.0,1043936.0,1064927.0,2108863.0,,0.92,0.99,14.25,31497.54,5.03,-0.54,,,Europa & Zentralasien,Hohes Einkommen
895,Thüringen,2022,2.74,3.06,2.42,7.46,,71430000000.0,1051482.0,1075364.0,2126846.0,,,,,33584.94,7.54,0.85,,,Europa & Zentralasien,Hohes Einkommen
